#
# A fatal error has been detected by the Java Runtime Environment:
#
#  EXCEPTION_ACCESS_VIOLATION (0xc0000005) at pc=0x000002f6dd7fec62, pid=13840, tid=3396
#
# JRE version: OpenJDK Runtime Environment (21.0.6) (build 21.0.6+-13368085-b895.109)
# Java VM: OpenJDK 64-Bit Server VM (21.0.6+-13368085-b895.109, mixed mode, tiered, compressed oops, compressed class ptrs, g1 gc, windows-amd64)
# Problematic frame:
# J 47791 c2 org.gradle.api.internal.artifacts.DefaultPublishArtifactSet.<init>(Lorg/gradle/api/Describable;Lorg/gradle/api/DomainObjectSet;Lorg/gradle/api/internal/file/FileCollectionFactory;Lorg/gradle/api/internal/tasks/TaskDependencyFactory;)V (51 bytes) @ 0x000002f6dd7fec62 [0x000002f6dd7fe8a0+0x00000000000003c2]
#
# No core dump will be written. Minidumps are not enabled by default on client versions of Windows
#
# If you would like to submit a bug report, please visit:
#   https://youtrack.jetbrains.com/issues/JBR
#

---------------  S U M M A R Y ------------

Command Line: --add-opens=java.base/java.lang=ALL-UNNAMED --add-opens=java.base/java.lang.invoke=ALL-UNNAMED --add-opens=java.base/java.util=ALL-UNNAMED --add-opens=java.prefs/java.util.prefs=ALL-UNNAMED --add-exports=jdk.compiler/com.sun.tools.javac.api=ALL-UNNAMED --add-exports=jdk.compiler/com.sun.tools.javac.util=ALL-UNNAMED --add-opens=java.base/java.util=ALL-UNNAMED --add-opens=java.prefs/java.util.prefs=ALL-UNNAMED --add-opens=java.base/java.nio.charset=ALL-UNNAMED --add-opens=java.base/java.net=ALL-UNNAMED --add-opens=java.base/java.util.concurrent.atomic=ALL-UNNAMED --add-opens=java.xml/javax.xml.namespace=ALL-UNNAMED -Xmx2048m -Dfile.encoding=UTF-8 -Duser.country=RU -Duser.language=ru -Duser.variant -javaagent:C:\Users\PC\.gradle\wrapper\dists\gradle-8.11.1-bin\bpt9gzteqjrbo1mjrsomdt32c\gradle-8.11.1\lib\agents\gradle-instrumentation-agent-8.11.1.jar org.gradle.launcher.daemon.bootstrap.GradleDaemon 8.11.1

Host: Intel(R) Xeon(R) CPU E3-1240 v3 @ 3.40GHz, 8 cores, 15G,  Windows 10 , 64 bit Build 19041 (10.0.19041.5915)
Time: Tue May 12 04:05:33 2026  Windows 10 , 64 bit Build 19041 (10.0.19041.5915) elapsed time: 28210.400471 seconds (0d 7h 50m 10s)

---------------  T H R E A D  ---------------

Current thread (0x000002f6fd838720):  JavaThread "Daemon worker Thread 104"        [_thread_in_Java, id=3396, stack(0x000000fdc0400000,0x000000fdc0500000) (1024K)]

Stack: [0x000000fdc0400000,0x000000fdc0500000],  sp=0x000000fdc04f9940,  free space=998k
Native frames: (J=compiled Java code, j=interpreted, Vv=VM code, C=native code)
C  0x000002f6dd7fec62

The last pc belongs to nmethod (printed below).

siginfo: EXCEPTION_ACCESS_VIOLATION (0xc0000005), reading address 0x0000000000000000


Registers:
RAX=0x00000000fe320208, RBX=0x00000000fe320218, RCX=0x000002f680b98a88, RDX=0x00000000fe320208
RSP=0x000000fdc04f9940, RBP=0x00000000fe6a2fd8, RSI=0x00000000fe3201e8, RDI=0x00000000fe320218
R8 =0x00000000fe3201e8, R9 =0x0000000000000000, R10=0x0000000000000000, R11=0x00000000fe320218
R12=0x0000000000000000, R13=0x00000000000007e9, R14=0x000000010005a418, R15=0x000002f6fd838720
RIP=0x000002f6dd7fec62, EFLAGS=0x0000000000010246

XMM[0]=0x0000000000000000 0x0000000000000000
XMM[1]=0x0000000000000000 0x0000000000000000
XMM[2]=0x0000000000000000 0x0000000080dd0018
XMM[3]=0x000002f6fd838720 0x00000000fe31df48
XMM[4]=0x000002f6fd838720 0x00007ffeca5a2ba0
XMM[5]=0x6e6a5c736d697270 0x5c65726168735c74
XMM[6]=0x86f83a5c34ffd79d 0x2f7fe450908f5824
XMM[7]=0x0000000000000000 0x0000000000000020
XMM[8]=0x0000000000000000 0x00000000200fb9ec
XMM[9]=0x0000000000000000 0x00000001004e1540
XMM[10]=0x0000000000000000 0x000000004a4b2178
XMM[11]=0x659c6cee659c6cee 0x659c6cee43cc602e
XMM[12]=0x0000000000000000 0x00000000de2ff340
XMM[13]=0x0c0d0e0f08090a0b 0x0405060700010203
XMM[14]=0x0000000000000000 0x00000000fe30aae0
XMM[15]=0x0000000000000000 0x0000000000000000
  MXCSR=0x00001fa0


Register to memory mapping:

RAX=0x00000000fe320208 is an oop: org.gradle.api.internal.artifacts.DefaultPublishArtifactSet$ArtifactsFileCollection 
{0x00000000fe320208} - klass: 'org/gradle/api/internal/artifacts/DefaultPublishArtifactSet$ArtifactsFileCollection'
 - ---- fields (total size 2 words):
 - final synthetic 'this$0' 'Lorg/gradle/api/internal/artifacts/DefaultPublishArtifactSet;' @12  a 'org/gradle/api/internal/artifacts/DefaultPublishArtifactSet'{0x00000000fe320198} (0xfe320198)
RBX=0x00000000fe320218 is an oop: org.gradle.api.internal.file.DefaultFileCollectionFactory$1 
{0x00000000fe320218} - klass: 'org/gradle/api/internal/file/DefaultFileCollectionFactory$1'
 - ---- fields (total size 4 words):
 - protected final 'taskDependencyFactory' 'Lorg/gradle/api/internal/tasks/TaskDependencyFactory;' @12  a 'org/gradle/api/internal/tasks/DefaultTaskDependencyFactory'{0x000000008150c700} (0x8150c700)
 - protected final 'patternSetFactory' 'Lorg/gradle/internal/Factory;' @16  a 'org/gradle/api/tasks/util/internal/PatternSets$PatternSetFactory'{0x0000000081581478} (0x81581478)
 - private final 'fileSet' 'Lorg/gradle/api/internal/file/collections/MinimalFileSet;' @20  a 'org/gradle/api/internal/artifacts/DefaultPublishArtifactSet$ArtifactsFileCollection'{0x00000000fe320208} (0xfe320208)
 - final synthetic 'val$builtBy' 'Lorg/gradle/api/tasks/TaskDependency;' @24  a 'org/gradle/api/internal/tasks/DefaultTaskDependency'{0x00000000fe3201e8} (0xfe3201e8)
 - final synthetic 'this$0' 'Lorg/gradle/api/internal/file/DefaultFileCollectionFactory;' @28  a 'org/gradle/api/internal/file/DefaultFileCollectionFactory'{0x00000000fe6a2fd8} (0xfe6a2fd8)
RCX=0x000002f680b98a88 is pointing into metadata
RDX=0x00000000fe320208 is an oop: org.gradle.api.internal.artifacts.DefaultPublishArtifactSet$ArtifactsFileCollection 
{0x00000000fe320208} - klass: 'org/gradle/api/internal/artifacts/DefaultPublishArtifactSet$ArtifactsFileCollection'
 - ---- fields (total size 2 words):
 - final synthetic 'this$0' 'Lorg/gradle/api/internal/artifacts/DefaultPublishArtifactSet;' @12  a 'org/gradle/api/internal/artifacts/DefaultPublishArtifactSet'{0x00000000fe320198} (0xfe320198)
RSP=0x000000fdc04f9940 is pointing into the stack for thread: 0x000002f6fd838720
RBP=0x00000000fe6a2fd8 is an oop: org.gradle.api.internal.file.DefaultFileCollectionFactory 
{0x00000000fe6a2fd8} - klass: 'org/gradle/api/internal/file/DefaultFileCollectionFactory'
 - ---- fields (total size 5 words):
 - private final 'fileResolver' 'Lorg/gradle/internal/file/PathToFileResolver;' @12  a 'org/gradle/api/internal/file/BaseDirFileResolver'{0x00000000fe6a2e20} (0xfe6a2e20)
 - private final 'taskDependencyFactory' 'Lorg/gradle/api/internal/tasks/TaskDependencyFactory;' @16  a 'org/gradle/api/internal/tasks/DefaultTaskDependencyFactory'{0x000000008150c700} (0x8150c700)
 - private final 'directoryFileTreeFactory' 'Lorg/gradle/api/internal/file/collections/DirectoryFileTreeFactory;' @20  a 'org/gradle/api/internal/file/collections/DefaultDirectoryFileTreeFactory'{0x0000000081581460} (0x81581460)
 - private final 'patternSetFactory' 'Lorg/gradle/internal/Factory;' @24  a 'org/gradle/api/tasks/util/internal/PatternSets$PatternSetFactory'{0x0000000081581478} (0x81581478)
 - private final 'propertyHost' 'Lorg/gradle/api/internal/provider/PropertyHost;' @28  a 'org/gradle/api/internal/provider/PropertyHost$$Lambda+0x00000001002adb98'{0x000000008150c718} (0x8150c718)
 - private final 'fileSystem' 'Lorg/gradle/internal/nativeintegration/filesystem/FileSystem;' @32  a 'org/gradle/internal/nativeintegration/filesystem/services/GenericFileSystem'{0x0000000080820900} (0x80820900)
 - private final 'listener' 'Lorg/gradle/api/internal/file/collections/FileCollectionObservationListener;' @36  a 'jdk/proxy1/$Proxy34'{0x00000000fe69a6e0} (0xfe69a6e0)
RSI=0x00000000fe3201e8 is an oop: org.gradle.api.internal.tasks.DefaultTaskDependency 
{0x00000000fe3201e8} - klass: 'org/gradle/api/internal/tasks/DefaultTaskDependency'
 - ---- fields (total size 4 words):
 - private final 'dependencyUsageTracker' 'Lorg/gradle/api/internal/tasks/TaskDependencyUsageTracker;' @12  null (0x00000000)
 - private 'toStringProvider' 'Ljava/util/function/Supplier;' @16  null (0x00000000)
 - private final 'immutableValues' 'Lcom/google/common/collect/ImmutableSet;' @20  a 'com/google/common/collect/SingletonImmutableSet'{0x00000000fe3201d8} (0xfe3201d8)
 - private 'mutableValues' 'Ljava/util/Set;' @24  null (0x00000000)
 - private final 'resolver' 'Lorg/gradle/api/internal/tasks/TaskResolver;' @28  null (0x00000000)
RDI=0x00000000fe320218 is an oop: org.gradle.api.internal.file.DefaultFileCollectionFactory$1 
{0x00000000fe320218} - klass: 'org/gradle/api/internal/file/DefaultFileCollectionFactory$1'
 - ---- fields (total size 4 words):
 - protected final 'taskDependencyFactory' 'Lorg/gradle/api/internal/tasks/TaskDependencyFactory;' @12  a 'org/gradle/api/internal/tasks/DefaultTaskDependencyFactory'{0x000000008150c700} (0x8150c700)
 - protected final 'patternSetFactory' 'Lorg/gradle/internal/Factory;' @16  a 'org/gradle/api/tasks/util/internal/PatternSets$PatternSetFactory'{0x0000000081581478} (0x81581478)
 - private final 'fileSet' 'Lorg/gradle/api/internal/file/collections/MinimalFileSet;' @20  a 'org/gradle/api/internal/artifacts/DefaultPublishArtifactSet$ArtifactsFileCollection'{0x00000000fe320208} (0xfe320208)
 - final synthetic 'val$builtBy' 'Lorg/gradle/api/tasks/TaskDependency;' @24  a 'org/gradle/api/internal/tasks/DefaultTaskDependency'{0x00000000fe3201e8} (0xfe3201e8)
 - final synthetic 'this$0' 'Lorg/gradle/api/internal/file/DefaultFileCollectionFactory;' @28  a 'org/gradle/api/internal/file/DefaultFileCollectionFactory'{0x00000000fe6a2fd8} (0xfe6a2fd8)
R8 =0x00000000fe3201e8 is an oop: org.gradle.api.internal.tasks.DefaultTaskDependency 
{0x00000000fe3201e8} - klass: 'org/gradle/api/internal/tasks/DefaultTaskDependency'
 - ---- fields (total size 4 words):
 - private final 'dependencyUsageTracker' 'Lorg/gradle/api/internal/tasks/TaskDependencyUsageTracker;' @12  null (0x00000000)
 - private 'toStringProvider' 'Ljava/util/function/Supplier;' @16  null (0x00000000)
 - private final 'immutableValues' 'Lcom/google/common/collect/ImmutableSet;' @20  a 'com/google/common/collect/SingletonImmutableSet'{0x00000000fe3201d8} (0xfe3201d8)
 - private 'mutableValues' 'Ljava/util/Set;' @24  null (0x00000000)
 - private final 'resolver' 'Lorg/gradle/api/internal/tasks/TaskResolver;' @28  null (0x00000000)
R9 =0x0 is null
R10=0x0 is null
R11=0x00000000fe320218 is an oop: org.gradle.api.internal.file.DefaultFileCollectionFactory$1 
{0x00000000fe320218} - klass: 'org/gradle/api/internal/file/DefaultFileCollectionFactory$1'
 - ---- fields (total size 4 words):
 - protected final 'taskDependencyFactory' 'Lorg/gradle/api/internal/tasks/TaskDependencyFactory;' @12  a 'org/gradle/api/internal/tasks/DefaultTaskDependencyFactory'{0x000000008150c700} (0x8150c700)
 - protected final 'patternSetFactory' 'Lorg/gradle/internal/Factory;' @16  a 'org/gradle/api/tasks/util/internal/PatternSets$PatternSetFactory'{0x0000000081581478} (0x81581478)
 - private final 'fileSet' 'Lorg/gradle/api/internal/file/collections/MinimalFileSet;' @20  a 'org/gradle/api/internal/artifacts/DefaultPublishArtifactSet$ArtifactsFileCollection'{0x00000000fe320208} (0xfe320208)
 - final synthetic 'val$builtBy' 'Lorg/gradle/api/tasks/TaskDependency;' @24  a 'org/gradle/api/internal/tasks/DefaultTaskDependency'{0x00000000fe3201e8} (0xfe3201e8)
 - final synthetic 'this$0' 'Lorg/gradle/api/internal/file/DefaultFileCollectionFactory;' @28  a 'org/gradle/api/internal/file/DefaultFileCollectionFactory'{0x00000000fe6a2fd8} (0xfe6a2fd8)
R12=0x0 is null
R13=0x00000000000007e9 is an unknown value
R14=0x000000010005a418 is a pointer to class: 
java.util.Iterator {0x000000010005a420}
 - instance size:     2
 - klass size:        66
 - access:            public interface abstract 
 - flags:             rewritten has_nonstatic_concrete_methods declares_nonstatic_concrete_methods 
 - state:             fully_initialized
 - name:              'java/util/Iterator'
 - super:             'java/lang/Object'
 - sub:               
 - nof implementors:  2
 - arrays:            'java/util/Iterator'[]
 - methods:           Array<T>(0x000002f6ea14e050)
 - method ordering:   Array<T>(0x000002f6ea000018)
 - local interfaces:  Array<T>(0x000002f6ea000058)
 - trans. interfaces: Array<T>(0x000002f6ea000058)
 - constants:         constant pool [53] {0x000002f6ea14de38} for 'java/util/Iterator' cache=0x000002f6ea220508
 - class loader data:  loader data: 0x000002f6e8fdb950 of 'bootstrap'
 - generic signature: '<E:Ljava/lang/Object;>Ljava/lang/Object;'
 - inner classes:     Array<T>(0x000002f6ea000028)
 - nest members:     Array<T>(0x000002f6ea000028)
 - permitted subclasses:     Array<T>(0x000002f6ea000028)
 - java mirror:       a 'java/lang/Class'{0x00000000800db418} = 'java/util/Iterator'
 - vtable length      5  (start addr: 0x000000010005a5f8)
 - itable length      0 (start addr: 0x000000010005a620)
 - ---- static fields (0 words):
 - ---- non-static fields (0 words):
 - non-static oop maps: 
R15=0x000002f6fd838720 is a thread

Top of Stack: (sp=0x000000fdc04f9940)
0x000000fdc04f9940:   00000000818ed350 00000000fe320150
0x000000fdc04f9950:   000002f680b98938 00000000fe30b420
0x000000fdc04f9960:   00000000fe6a2fd8 00000000fe320198
0x000000fdc04f9970:   00000000fe3201e8 00000000fe3201e8
0x000000fdc04f9980:   00000000fe320208 0000000100780000
0x000000fdc04f9990:   0000000000000000 00000000fe320180
0x000000fdc04f99a0:   0000000100043ad0 000002f6d644479c
0x000000fdc04f99b0:   00000000fe320180 0000000000000000
0x000000fdc04f99c0:   0000000080dd0018 0000000000000000
0x000000fdc04f99d0:   00000000fe31df48 000002f6fd838720
0x000000fdc04f99e0:   00007ffeca5a2ba0 000002f6fd838720
0x000000fdc04f99f0:   5c65726168735c74 6e6a5c736d697270
0x000000fdc04f9a00:   2f7fe450908f5824 86f83a5c34ffd79d
0x000000fdc04f9a10:   0000000000000020 0000000000000000
0x000000fdc04f9a20:   000002f6fd838720 000000010005a418
0x000000fdc04f9a30:   00000000000007e9 0000000000000000
0x000000fdc04f9a40:   0000000080a32d10 0000000100780000
0x000000fdc04f9a50:   00000000818ed350 00000000fe30b420
0x000000fdc04f9a60:   00000000fe320180 00000000fe30b420
0x000000fdc04f9a70:   000000fdc04f9aa8 0000000000000000
0x000000fdc04f9a80:   000002f6826a0bf0 00000000fe320198
0x000000fdc04f9a90:   0000003fbef0ad01 00000000fe30b420
0x000000fdc04f9aa0:   0000000100782da0 0000000100043ad0
0x000000fdc04f9ab0:   0000000100043ad0 000002f6d50bc61c
0x000000fdc04f9ac0:   000002f6826a04d0 0000000100783228
0x000000fdc04f9ad0:   000000fdc04f9b08 0000000000000000
0x000000fdc04f9ae0:   00000001005d4000 00000000fe30c128
0x000000fdc04f9af0:   000000fdc04f9b18 00000000fe30b420
0x000000fdc04f9b00:   00000000fe320138 0000000100043ad0
0x000000fdc04f9b10:   0000000100043ad0 000002f6d501b524
0x000000fdc04f9b20:   0000000081825a78 00000000fe44ca98
0x000000fdc04f9b30:   000000fdc04f9b68 0000000100043ad0 

Instructions: (pc=0x000002f6dd7fec62)
0x000002f6dd7feb62:   ca 80 39 02 0f 85 c9 02 00 00 49 8b 87 b8 01 00
0x000002f6dd7feb72:   00 4c 8b d0 49 83 c2 10 4d 3b 97 c8 01 00 00 0f
0x000002f6dd7feb82:   83 ad 04 00 00 4d 89 97 b8 01 00 00 41 0f 18 82
0x000002f6dd7feb92:   c0 00 00 00 48 c7 00 01 00 00 00 c7 40 08 26 05
0x000002f6dd7feba2:   0f 20 44 89 60 0c 48 89 6c 24 30 89 74 24 38 48
0x000002f6dd7febb2:   89 44 24 40 48 8b d0 4c 8b 44 24 28 45 33 c9 66
0x000002f6dd7febc2:   90 e8 78 ae e5 fe 0f 1f 84 00 38 05 00 00 4c 8b
0x000002f6dd7febd2:   54 24 20 45 8b 5a 08 41 81 fb 00 60 05 20 0f 85
0x000002f6dd7febe2:   22 05 00 00 49 8b ea 49 8b bf b8 01 00 00 4c 8b
0x000002f6dd7febf2:   d7 49 83 c2 20 4d 3b 97 c8 01 00 00 0f 83 cc 04
0x000002f6dd7fec02:   00 00 4d 89 97 b8 01 00 00 41 0f 18 82 c0 00 00
0x000002f6dd7fec12:   00 48 c7 07 01 00 00 00 c7 47 08 76 1d 0f 20 44
0x000002f6dd7fec22:   89 67 14 44 89 67 18 44 8b 5d 18 44 8b 55 10 44
0x000002f6dd7fec32:   89 57 0c 44 89 5f 10 4c 8b 54 24 40 4d 8b da 4c
0x000002f6dd7fec42:   8b c5 44 89 47 1c 44 8b 44 24 38 44 89 47 18 44
0x000002f6dd7fec52:   89 5f 14 48 8b df 4c 8b df 4d 33 d3 49 c1 ea 14
0x000002f6dd7fec62:   4d 85 01 30 02 00 c1 eb 09 48 b9 00 00 ea e3 f6
0x000002f6dd7fec72:   02 00 00 49 03 cb 80 39 02 0f 85 5c 02 00 00 41
0x000002f6dd7fec82:   80 7f 40 00 0f 85 23 01 00 00 48 8b 74 24 28 89
0x000002f6dd7fec92:   5e 14 4c 8b d7 4c 8b de 4d 33 d3 49 c1 ea 14 4d
0x000002f6dd7feca2:   85 d2 74 1b 49 c1 eb 09 49 b8 00 00 ea e3 f6 02
0x000002f6dd7fecb2:   00 00 4d 03 c3 41 80 38 02 0f 85 ca 01 00 00 48
0x000002f6dd7fecc2:   83 c4 60 5d 49 3b a7 48 04 00 00 0f 87 40 05 00
0x000002f6dd7fecd2:   00 c3 48 89 54 24 28 44 8b 52 0c 45 85 d2 0f 84
0x000002f6dd7fece2:   14 fc ff ff 4d 8b 5f 28 49 8b ca 4d 85 db 0f 84
0x000002f6dd7fecf2:   36 04 00 00 4d 8b 57 38 4b 89 4c 1a f8 49 83 c3
0x000002f6dd7fed02:   f8 4d 89 5f 28 e9 ee fb ff ff 4c 8b 54 24 28 45
0x000002f6dd7fed12:   8b 5a 18 45 85 db 0f 84 32 fc ff ff 4d 8b 57 28
0x000002f6dd7fed22:   49 8b cb 4d 85 d2 0f 84 1b 04 00 00 4d 8b 5f 38
0x000002f6dd7fed32:   4b 89 4c 13 f8 49 83 c2 f8 4d 89 57 28 e9 0c fc
0x000002f6dd7fed42:   ff ff 4c 8b 54 24 28 45 8b 5a 10 45 85 db 0f 84
0x000002f6dd7fed52:   e4 fd ff ff 4d 8b 57 28 49 8b cb 4d 85 d2 0f 84 


Stack slot to memory mapping:

stack at sp + 0 slots: 0x00000000818ed350 is an oop: org.gradle.internal.component.external.model.DefaultModuleComponentIdentifier 
{0x00000000818ed350} - klass: 'org/gradle/internal/component/external/model/DefaultModuleComponentIdentifier'
 - ---- fields (total size 3 words):
 - private final 'hashCode' 'I' @12  630212170 (0x2590464a)
 - private final 'moduleIdentifier' 'Lorg/gradle/api/artifacts/ModuleIdentifier;' @16  a 'org/gradle/api/internal/artifacts/DefaultModuleIdentifier'{0x00000000818ed368} (0x818ed368)
 - private final 'version' 'Ljava/lang/String;' @20  "unspecified"{0x00000000815a0930} (0x815a0930)
stack at sp + 1 slots: 0x00000000fe320150 is an oop: org.gradle.api.internal.artifacts.ivyservice.moduleconverter.dependencies.DefaultLocalVariantMetadataBuilder$1 
{0x00000000fe320150} - klass: 'org/gradle/api/internal/artifacts/ivyservice/moduleconverter/dependencies/DefaultLocalVariantMetadataBuilder$1'
 - ---- fields (total size 6 words):
 - final synthetic 'val$componentId' 'Lorg/gradle/api/artifacts/component/ComponentIdentifier;' @12  a 'org/gradle/internal/component/external/model/DefaultModuleComponentIdentifier'{0x00000000818ed350} (0x818ed350)
 - final synthetic 'val$model' 'Lorg/gradle/internal/model/ModelContainer;' @16  a 'org/gradle/api/internal/initialization/StandaloneDomainObjectContext$1'{0x0000000081825a78} (0x81825a78)
 - final synthetic 'val$calculatedValueContainerFactory' 'Lorg/gradle/internal/model/CalculatedValueContainerFactory;' @20  a 'org/gradle/internal/model/CalculatedValueContainerFactory'{0x00000000fe44ca98} (0xfe44ca98)
 - final synthetic 'val$variantsBuilder' 'Lcom/google/common/collect/ImmutableSet$Builder;' @24  a 'com/google/common/collect/ImmutableSet$Builder'{0x00000000fe320138} (0xfe320138)
 - final synthetic 'val$configurationName' 'Ljava/lang/String;' @28  "incomingCatalogForLibs0"{0x00000000fe30a9b0} (0xfe30a9b0)
 - final synthetic 'val$configurationIdentifier' 'Lorg/gradle/internal/component/model/ComponentConfigurationIdentifier;' @32  a 'org/gradle/internal/component/model/ComponentConfigurationIdentifier'{0x00000000fe31ffe8} (0xfe31ffe8)
 - final synthetic 'val$capabilities' 'Lorg/gradle/internal/component/external/model/ImmutableCapabilities;' @36  a 'org/gradle/internal/component/external/model/ImmutableCapabilities'{0x0000000080a32d10} (0x80a32d10)
 - final synthetic 'this$0' 'Lorg/gradle/api/internal/artifacts/ivyservice/moduleconverter/dependencies/DefaultLocalVariantMetadataBuilder;' @40  a 'org/gradle/api/internal/artifacts/ivyservice/moduleconverter/dependencies/DefaultLocalVariantMetadataBuilder'{0x0000000080a48230} (0x80a48230)
stack at sp + 2 slots: 0x000002f680b98938 is pointing into metadata
stack at sp + 3 slots: 0x00000000fe30b420 is an oop: org.gradle.api.internal.artifacts.configurations.DefaultUnlockedConfiguration_Decorated 
{0x00000000fe30b420} - klass: 'org/gradle/api/internal/artifacts/configurations/DefaultUnlockedConfiguration_Decorated'
 - ---- fields (total size 44 words):
 - protected final 'taskDependencyFactory' 'Lorg/gradle/api/internal/tasks/TaskDependencyFactory;' @12  a 'org/gradle/api/internal/tasks/DefaultTaskDependencyFactory'{0x0000000081571c48} (0x81571c48)
 - protected final 'patternSetFactory' 'Lorg/gradle/internal/Factory;' @16  a 'org/gradle/api/tasks/util/internal/PatternSets$PatternSetFactory'{0x00000000815ae530} (0x815ae530)
 - private 'visible' 'Z' @20  true (0x01)
 - private 'transitive' 'Z' @21  true (0x01)
 - private 'insideBeforeResolve' 'Z' @22  false (0x00)
 - private 'canBeConsumed' 'Z' @23  false (0x00)
 - private 'canBeResolved' 'Z' @24  true (0x01)
 - private 'canBeDeclaredAgainst' 'Z' @25  true (0x01)
 - private final 'consumptionDeprecated' 'Z' @26  false (0x00)
 - private final 'resolutionDeprecated' 'Z' @27  false (0x00)
 - private final 'declarationDeprecated' 'Z' @28  false (0x00)
 - private 'usageCanBeMutated' 'Z' @29  false (0x00)
 - private 'observed' 'Z' @30  true (0x01)
 - private final 'resolver' 'Lorg/gradle/api/internal/artifacts/ConfigurationResolver;' @32  a 'org/gradle/api/internal/artifacts/ivyservice/ShortCircuitEmptyConfigurationResolver'{0x00000000fe3000f0} (0xfe3000f0)
 - private final 'dependencyLockingProvider' 'Lorg/gradle/api/internal/artifacts/dsl/dependencies/DependencyLockingProvider;' @36  a 'org/gradle/internal/locking/DefaultDependencyLockingProvider'{0x00000000fe4ff228} (0xfe4ff228)
 - private final 'dependencies' 'Lorg/gradle/api/internal/artifacts/DefaultDependencySet;' @40  a 'org/gradle/api/internal/artifacts/DefaultDependencySet'{0x00000000fe30bcf8} (0xfe30bcf8)
 - private final 'dependencyConstraints' 'Lorg/gradle/api/internal/artifacts/DefaultDependencyConstraintSet;' @44  a 'org/gradle/api/internal/artifacts/DefaultDependencyConstraintSet'{0x00000000fe30bd40} (0xfe30bd40)
 - private final 'ownDependencies' 'Lorg/gradle/api/internal/DefaultDomainObjectSet;' @48  a 'org/gradle/api/internal/DefaultDomainObjectSet_Decorated'{0x00000000fe30b9e8} (0xfe30b9e8)
 - private final 'ownDependencyConstraints' 'Lorg/gradle/api/internal/DefaultDomainObjectSet;' @52  a 'org/gradle/api/internal/DefaultDomainObjectSet_Decorated'{0x00000000fe30bbd8} (0xfe30bbd8)
 - private final 'calculatedValueContainerFactory' 'Lorg/gradle/internal/model/CalculatedValueContainerFactory;' @56  a 'org/gradle/internal/model/CalculatedValueContainerFactory'{0x00000000fe44ca98} (0xfe44ca98)
 - private final 'projectStateRegistry' 'Lorg/gradle/api/internal/project/ProjectStateRegistry;' @60  a 'org/gradle/api/internal/project/DefaultProjectStateRegistry'{0x00000000fe6a1988} (0xfe6a1988)
 - private 'inheritedDependencies' 'Lorg/gradle/api/internal/CompositeDomainObjectSet;' @64  a 'org/gradle/api/internal/CompositeDomainObjectSet'{0x00000000fe313fe0} (0xfe313fe0)
 - private 'inheritedDependencyConstraints' 'Lorg/gradle/api/internal/CompositeDomainObjectSet;' @68  null (0x00000000)
 - private 'allDependencies' 'Lorg/gradle/api/internal/artifacts/DefaultDependencySet;' @72  a 'org/gradle/api/internal/artifacts/DefaultDependencySet'{0x00000000fe314130} (0xfe314130)
 - private 'allDependencyConstraints' 'Lorg/gradle/api/internal/artifacts/DefaultDependencyConstraintSet;' @76  null (0x00000000)
 - private 'defaultDependencyActions' 'Lorg/gradle/internal/ImmutableActionSet;' @80  a 'org/gradle/internal/ImmutableActionSet$EmptySet'{0x0000000081768428} (0x81768428)
 - private 'withDependencyActions' 'Lorg/gradle/internal/ImmutableActionSet;' @84  a 'org/gradle/internal/ImmutableActionSet$EmptySet'{0x0000000081768428} (0x81768428)
 - private final 'artifacts' 'Lorg/gradle/api/internal/artifacts/DefaultPublishArtifactSet;' @88  a 'org/gradle/api/internal/artifacts/DefaultPublishArtifactSet'{0x00000000fe30bf60} (0xfe30bf60)
 - private final 'ownArtifacts' 'Lorg/gradle/api/internal/DefaultDomainObjectSet;' @92  a 'org/gradle/api/internal/DefaultDomainObjectSet_Decorated'{0x00000000fe30be40} (0xfe30be40)
 - private 'inheritedArtifacts' 'Lorg/gradle/api/internal/CompositeDomainObjectSet;' @96  null (0x00000000)
 - private 'allArtifacts' 'Lorg/gradle/api/internal/artifacts/DefaultPublishArtifactSet;' @100  null (0x00000000)
 - private final 'resolvableDependencies' 'Lorg/gradle/api/internal/artifacts/configurations/DefaultConfiguration$ConfigurationResolvableDependencies;' @104  a 'org/gradle/api/internal/artifacts/configurations/DefaultConfiguration$ConfigurationResolvableDependencies_Decorated'{0x00000000fe30b8b0} (0xfe30b8b0)
 - private 'dependencyResolutionListeners' 'Lorg/gradle/internal/event/ListenerBroadcast;' @108  a 'org/gradle/internal/event/AnonymousListenerBroadcast'{0x00000000fe30aae0} (0xfe30aae0)
 - private final 'buildOperationRunner' 'Lorg/gradle/internal/operations/BuildOperationRunner;' @112  a 'org/gradle/internal/operations/DefaultBuildOperationRunner'{0x0000000080820be0} (0x80820be0)
 - private final 'instantiator' 'Lorg/gradle/internal/reflect/Instantiator;' @116  a 'org/gradle/internal/instantiation/generator/DependencyInjectingInstantiator'{0x000000008154ee30} (0x8154ee30)
 - private 'resolutionStrategyFactory' 'Lorg/gradle/internal/Factory;' @120  null (0x00000000)
 - private 'resolutionStrategy' 'Lorg/gradle/api/internal/artifacts/configurations/ResolutionStrategyInternal;' @124  a 'org/gradle/api/internal/artifacts/ivyservice/resolutionstrategy/DefaultResolutionStrategy_Decorated'{0x00000000fe30cb28} (0xfe30cb28)
 - private final 'fileCollectionFactory' 'Lorg/gradle/api/internal/file/FileCollectionFactory;' @128  a 'org/gradle/api/internal/file/DefaultFileCollectionFactory'{0x00000000fe6a2fd8} (0xfe6a2fd8)
 - private final 'exceptionMapper' 'Lorg/gradle/api/internal/artifacts/ResolveExceptionMapper;' @132  a 'org/gradle/api/internal/artifacts/ResolveExceptionMapper'{0x00000000fe300180} (0xfe300180)
 - private final 'attributeDesugaring' 'Lorg/gradle/api/internal/attributes/AttributeDesugaring;' @136  a 'org/gradle/api/internal/attributes/AttributeDesugaring'{0x00000000fe44c858} (0xfe44c858)
 - private final 'childMutationValidators' 'Ljava/util/Set;' @140  a 'java/util/HashSet'{0x00000000fe30b580} (0xfe30b580)
 - private final 'parentMutationValidator' 'Lorg/gradle/api/internal/artifacts/configurations/MutationValidator;' @144  a 'org/gradle/api/internal/artifacts/configurations/DefaultConfiguration$$Lambda+0x000000010073f328'{0x00000000fe30b5c0} (0xfe30b5c0)
 - private final 'rootComponentMetadataBuilder' 'Lorg/gradle/api/internal/artifacts/ivyservice/moduleconverter/RootComponentMetadataBuilder;' @148  a 'org/gradle/api/internal/artifacts/ivyservice/moduleconverter/DefaultRootComponentMetadataBuilder'{0x00000000fe3009e0} (0xfe3009e0)
 - private final 'configurationsProvider' 'Lorg/gradle/api/internal/artifacts/configurations/ConfigurationsProvider;' @152  a 'org/gradle/api/internal/artifacts/configurations/DefaultConfigurationContainer_Decorated'{0x00000000fe3006a0} (0xfe3006a0)
 - private final 'identityPath' 'Lorg/gradle/util/Path;' @156  a 'org/gradle/util/Path'{0x00000000fe30b720} (0xfe30b720)
 - private final 'projectPath' 'Lorg/gradle/util/Path;' @160  a 'org/gradle/util/Path'{0x00000000fe30b7a0} (0xfe30b7a0)
 - private final 'name' 'Ljava/lang/String;' @164  "incomingCatalogForLibs0"{0x00000000fe30a9b0} (0xfe30a9b0)
 - private final 'outgoing' 'Lorg/gradle/api/internal/artifacts/configurations/DefaultConfigurationPublications;' @168  a 'org/gradle/api/internal/artifacts/configurations/DefaultConfigurationPublications_Decorated'{0x00000000fe30c128} (0xfe30c128)
 - private 'extendsFrom' 'Ljava/util/Set;' @172  a 'java/util/LinkedHashSet'{0x00000000fe30b5d0} (0xfe30b5d0)
 - private 'description' 'Ljava/lang/String;' @176  null (0x00000000)
 - private final 'excludeRules' 'Ljava/util/Set;' @180  a 'java/util/LinkedHashSet'{0x00000000fe30b620} (0xfe30b620)
 - private 'parsedExcludeRules' 'Ljava/util/Set;' @184  null (0x00000000)
 - private final 'observationLock' 'Ljava/lang/Object;' @188  a 'java/lang/Object'{0x00000000fe30b670} (0xfe30b670)
 - private volatile 'observedState' 'Lorg/gradle/api/internal/artifacts/configurations/ConfigurationInternal$InternalState;' @192  a 'org/gradle/api/internal/artifacts/configurations/ConfigurationInternal$InternalState'{0x0000000082b2bcd0} (0x82b2bcd0)
 - private final 'roleAtCreation' 'Lorg/gradle/api/internal/artifacts/configurations/ConfigurationRole;' @196  a 'org/gradle/api/internal/artifacts/configurations/DefaultConfigurationRole'{0x000000008237c730} (0x8237c730)
 - private final 'configurationAttributes' 'Lorg/gradle/api/internal/attributes/FreezableAttributeContainer;' @200  a 'org/gradle/api/internal/attributes/FreezableAttributeContainer'{0x00000000fe30b7e0} (0xfe30b7e0)
 - private final 'domainObjectContext' 'Lorg/gradle/api/internal/DomainObjectContext;' @204  a 'org/gradle/api/internal/initialization/StandaloneDomainObjectContext$1'{0x0000000081825a78} (0x81825a78)
 - private final 'attributesFactory' 'Lorg/gradle/api/internal/attributes/ImmutableAttributesFactory;' @208  a 'org/gradle/api/internal/attributes/DefaultImmutableAttributesFactory'{0x00000000fe6579a8} (0xfe6579a8)
 - private final 'resolutionAccess' 'Lorg/gradle/api/internal/artifacts/resolver/ResolutionAccess;' @212  a 'org/gradle/api/internal/artifacts/configurations/DefaultConfiguration$ConfigurationResolutionAccess'{0x00000000fe30b818} (0xfe30b818)
 - private 'intrinsicFiles' 'Lorg/gradle/api/internal/file/FileCollectionInternal;' @216  null (0x00000000)
 - private final 'displayName' 'Lorg/gradle/internal/DisplayName;' @220  a 'org/gradle/internal/Describables$MemoizingDescribable'{0x00000000fe30b7c8} (0xfe30b7c8)
 - private final 'userCodeApplicationContext' 'Lorg/gradle/internal/code/UserCodeApplicationContext;' @224  a 'org/gradle/internal/code/DefaultUserCodeApplicationContext'{0x00000000fe6741b0} (0xfe6741b0)
 - private final 'workerThreadRegistry' 'Lorg/gradle/internal/work/WorkerThreadRegistry;' @228  a 'org/gradle/internal/work/DefaultWorkerLeaseService'{0x00000000fe6590d0} (0xfe6590d0)
 - private final 'domainObjectCollectionFactory' 'Lorg/gradle/api/internal/collections/DomainObjectCollectionFactory;' @232  a 'org/gradle/api/internal/collections/DefaultDomainObjectCollectionFactory'{0x0000000081582540} (0x81582540)
 - private final 'syntheticDependencies' 'Lorg/gradle/internal/lazy/Lazy;' @236  a 'org/gradle/internal/lazy/UnsafeLazy'{0x00000000fe30b690} (0xfe30b690)
 - private final 'copyCount' 'Ljava/util/concurrent/atomic/AtomicInteger;' @240  a 'java/util/concurrent/atomic/AtomicInteger'{0x00000000fe30b6a8} (0xfe30b6a8)
 - private 'declarationAlternatives' 'Ljava/util/List;' @244  a 'com/google/common/collect/RegularImmutableList'{0x0000000080804090} (0x80804090)
 - private 'resolutionAlternatives' 'Ljava/util/List;' @248  a 'com/google/common/collect/RegularImmutableList'{0x0000000080804090} (0x80804090)
 - private final 'currentResolveState' 'Lorg/gradle/internal/model/CalculatedModelValue;' @252  a 'org/gradle/api/internal/initialization/StandaloneDomainObjectContext$CalculatedModelValueImpl'{0x00000000fe30c1d8} (0xfe30c1d8)
 - private 'consistentResolutionSource' 'Lorg/gradle/api/internal/artifacts/configurations/ConfigurationInternal;' @256  null (0x00000000)
 - private 'consistentResolutionReason' 'Ljava/lang/String;' @260  null (0x00000000)
 - private final 'defaultConfigurationFactory' 'Lorg/gradle/api/internal/artifacts/configurations/DefaultConfigurationFactory;' @264  a 'org/gradle/api/internal/artifacts/configurations/DefaultConfigurationFactory'{0x00000000fe3001b8} (0xfe3001b8)
 - private final 'problemsService' 'Lorg/gradle/api/problems/internal/InternalProblems;' @268  a 'org/gradle/api/problems/internal/DefaultProblems'{0x00000000fe674428} (0xfe674428)
 - private transient '__all__' 'Z' @31  false (0x00)
 - private transient '__allArtifacts__' 'Z' @272  false (0x00)
 - private transient '__allDependencies__' 'Z' @273  false (0x00)
 - private transient '__allDependencyConstraints__' 'Z' @274  false (0x00)
 - private transient '__allExcludeRules__' 'Z' @275  false (0x00)
 - private transient '__artifacts__' 'Z' @276  false (0x00)
 - private transient '__asFileTree__' 'Z' @277  false (0x00)
 - private transient '__asFileTrees__' 'Z' @278  false (0x00)
 - private transient '__asPath__' 'Z' @279  false (0x00)
 - private transient '__attributes__' 'Z' @280  false (0x00)
 - private transient '__canBeConsumed__' 'Z' @281  false (0x00)
 - private transient '__canBeDeclared__' 'Z' @282  false (0x00)
 - private transient '__canBeMutated__' 'Z' @283  false (0x00)
 - private transient '__canBeResolved__' 'Z' @284  false (0x00)
 - private transient '__configurationIdentity__' 'Z' @285  false (0x00)
 - private transient '__consistentResolutionSource__' 'Z' @286  false (0x00)
 - private transient '__declarableByExtension__' 'Z' @287  false (0x00)
 - private transient '__declarationAlternatives__' 'Z' @288  false (0x00)
 - private transient '__dependencies__' 'Z' @289  false (0x00)
 - private transient '__dependencyConstraints__' 'Z' @290  false (0x00)
 - private transient '__dependencyLockingId__' 'Z' @291  false (0x00)
 - private transient '__dependencyResolutionListeners__' 'Z' @292  false (0x00)
 - private transient '__deprecatedForConsumption__' 'Z' @293  false (0x00)
 - private transient '__deprecatedForDeclarationAgainst__' 'Z' @294  false (0x00)
 - private transient '__deprecatedForResolution__' 'Z' @295  false (0x00)
 - private transient '__description__' 'Z' @296  false (0x00)
 - private transient '__displayName__' 'Z' @297  false (0x00)
 - private transient '__domainObjectContext__' 'Z' @298  false (0x00)
 - private transient '__elements__' 'Z' @299  false (0x00)
 - private transient '__empty__' 'Z' @300  false (0x00)
 - private transient '__excludeRules__' 'Z' @301  false (0x00)
 - private transient '__extendsFrom__' 'Z' @302  false (0x00)
 - private transient '__failureResolutions__' 'Z' @303  false (0x00)
 - private transient '__files__' 'Z' @304  false (0x00)
 - private transient '__hierarchy__' 'Z' @305  false (0x00)
 - private transient '__incoming__' 'Z' @306  false (0x00)
 - private transient '__name__' 'Z' @307  false (0x00)
 - private transient '__observedState__' 'Z' @308  false (0x00)
 - private transient '__outgoing__' 'Z' @309  false (0x00)
 - private transient '__problems__' 'Z' @310  false (0x00)
 - private transient '__resolutionAlternatives__' 'Z' @311  false (0x00)
 - private transient '__resolutionHost__' 'Z' @312  false (0x00)
 - private transient '__resolutionStrategy__' 'Z' @313  false (0x00)
 - private transient '__resolvedConfiguration__' 'Z' @314  false (0x00)
 - private transient '__resolverResults__' 'Z' @315  false (0x00)
 - private transient '__roleAtCreation__' 'Z' @316  false (0x00)
 - private transient '__singleFile__' 'Z' @317  false (0x00)
 - private transient '__state__' 'Z' @318  false (0x00)
 - private transient '__strictResolverResults__' 'Z' @319  false (0x00)
 - private transient '__syntheticDependencies__' 'Z' @320  false (0x00)
 - private transient '__transitive__' 'Z' @321  false (0x00)
 - private transient '__uploadTaskName__' 'Z' @322  false (0x00)
 - private transient '__visible__' 'Z' @323  false (0x00)
 - private synthetic '_gr_dn_' 'Lorg/gradle/api/Describable;' @324  null (0x00000000)
 - private synthetic '_gr_owner_' 'Lorg/gradle/internal/state/ModelObject;' @328  null (0x00000000)
 - private transient synthetic '_gr_svcs_' 'Lorg/gradle/internal/service/ServiceLookup;' @332  a 'org/gradle/internal/service/DefaultServiceRegistry'{0x0000000081582590} (0x81582590)
 - private transient '_gr_map_' 'Lorg/gradle/api/internal/ConventionMapping;' @336  null (0x00000000)
 - private transient '_gr_dyn_' 'Lorg/gradle/internal/metaobject/AbstractDynamicObject;' @340  null (0x00000000)
 - private transient '_gr_mc_' 'Lgroovy/lang/MetaClass;' @344  null (0x00000000)
stack at sp + 4 slots: 0x00000000fe6a2fd8 is an oop: org.gradle.api.internal.file.DefaultFileCollectionFactory 
{0x00000000fe6a2fd8} - klass: 'org/gradle/api/internal/file/DefaultFileCollectionFactory'
 - ---- fields (total size 5 words):
 - private final 'fileResolver' 'Lorg/gradle/internal/file/PathToFileResolver;' @12  a 'org/gradle/api/internal/file/BaseDirFileResolver'{0x00000000fe6a2e20} (0xfe6a2e20)
 - private final 'taskDependencyFactory' 'Lorg/gradle/api/internal/tasks/TaskDependencyFactory;' @16  a 'org/gradle/api/internal/tasks/DefaultTaskDependencyFactory'{0x000000008150c700} (0x8150c700)
 - private final 'directoryFileTreeFactory' 'Lorg/gradle/api/internal/file/collections/DirectoryFileTreeFactory;' @20  a 'org/gradle/api/internal/file/collections/DefaultDirectoryFileTreeFactory'{0x0000000081581460} (0x81581460)
 - private final 'patternSetFactory' 'Lorg/gradle/internal/Factory;' @24  a 'org/gradle/api/tasks/util/internal/PatternSets$PatternSetFactory'{0x0000000081581478} (0x81581478)
 - private final 'propertyHost' 'Lorg/gradle/api/internal/provider/PropertyHost;' @28  a 'org/gradle/api/internal/provider/PropertyHost$$Lambda+0x00000001002adb98'{0x000000008150c718} (0x8150c718)
 - private final 'fileSystem' 'Lorg/gradle/internal/nativeintegration/filesystem/FileSystem;' @32  a 'org/gradle/internal/nativeintegration/filesystem/services/GenericFileSystem'{0x0000000080820900} (0x80820900)
 - private final 'listener' 'Lorg/gradle/api/internal/file/collections/FileCollectionObservationListener;' @36  a 'jdk/proxy1/$Proxy34'{0x00000000fe69a6e0} (0xfe69a6e0)
stack at sp + 5 slots: 0x00000000fe320198 is an oop: org.gradle.api.internal.artifacts.DefaultPublishArtifactSet 
{0x00000000fe320198} - klass: 'org/gradle/api/internal/artifacts/DefaultPublishArtifactSet'
 - ---- fields (total size 4 words):
 - private final 'delegate' 'Lorg/gradle/api/DomainObjectSet;' @12  a 'org/gradle/api/internal/DefaultDomainObjectSet_Decorated'{0x00000000fe30be40} (0xfe30be40)
 - private final 'builtBy' 'Lorg/gradle/api/internal/tasks/TaskDependencyInternal;' @16  a 'org/gradle/api/internal/tasks/DefaultTaskDependency'{0x00000000fe3201e8} (0xfe3201e8)
 - private final 'files' 'Lorg/gradle/api/file/FileCollection;' @20  null (0x00000000)
 - private final 'displayName' 'Lorg/gradle/api/Describable;' @24  a 'org/gradle/internal/Describables$TwoPartDescribable'{0x00000000fe320180} (0xfe320180)
stack at sp + 6 slots: 0x00000000fe3201e8 is an oop: org.gradle.api.internal.tasks.DefaultTaskDependency 
{0x00000000fe3201e8} - klass: 'org/gradle/api/internal/tasks/DefaultTaskDependency'
 - ---- fields (total size 4 words):
 - private final 'dependencyUsageTracker' 'Lorg/gradle/api/internal/tasks/TaskDependencyUsageTracker;' @12  null (0x00000000)
 - private 'toStringProvider' 'Ljava/util/function/Supplier;' @16  null (0x00000000)
 - private final 'immutableValues' 'Lcom/google/common/collect/ImmutableSet;' @20  a 'com/google/common/collect/SingletonImmutableSet'{0x00000000fe3201d8} (0xfe3201d8)
 - private 'mutableValues' 'Ljava/util/Set;' @24  null (0x00000000)
 - private final 'resolver' 'Lorg/gradle/api/internal/tasks/TaskResolver;' @28  null (0x00000000)
stack at sp + 7 slots: 0x00000000fe3201e8 is an oop: org.gradle.api.internal.tasks.DefaultTaskDependency 
{0x00000000fe3201e8} - klass: 'org/gradle/api/internal/tasks/DefaultTaskDependency'
 - ---- fields (total size 4 words):
 - private final 'dependencyUsageTracker' 'Lorg/gradle/api/internal/tasks/TaskDependencyUsageTracker;' @12  null (0x00000000)
 - private 'toStringProvider' 'Ljava/util/function/Supplier;' @16  null (0x00000000)
 - private final 'immutableValues' 'Lcom/google/common/collect/ImmutableSet;' @20  a 'com/google/common/collect/SingletonImmutableSet'{0x00000000fe3201d8} (0xfe3201d8)
 - private 'mutableValues' 'Ljava/util/Set;' @24  null (0x00000000)
 - private final 'resolver' 'Lorg/gradle/api/internal/tasks/TaskResolver;' @28  null (0x00000000)


Compiled method (c2) 28210431 47791       4       org.gradle.api.internal.artifacts.DefaultPublishArtifactSet::<init> (51 bytes)
 total in heap  [0x000002f6dd7fe690,0x000002f6dd7ff668] = 4056
 relocation     [0x000002f6dd7fe7f0,0x000002f6dd7fe888] = 152
 main code      [0x000002f6dd7fe8a0,0x000002f6dd7ff238] = 2456
 stub code      [0x000002f6dd7ff238,0x000002f6dd7ff260] = 40
 oops           [0x000002f6dd7ff260,0x000002f6dd7ff278] = 24
 metadata       [0x000002f6dd7ff278,0x000002f6dd7ff388] = 272
 scopes data    [0x000002f6dd7ff388,0x000002f6dd7ff498] = 272
 scopes pcs     [0x000002f6dd7ff498,0x000002f6dd7ff568] = 208
 dependencies   [0x000002f6dd7ff568,0x000002f6dd7ff5a8] = 64
 handler table  [0x000002f6dd7ff5a8,0x000002f6dd7ff650] = 168
 nul chk table  [0x000002f6dd7ff650,0x000002f6dd7ff668] = 24

[Constant Pool (empty)]

[MachCode]
[Entry Point]
  # {method} {0x000002f6ecc2cc48} '<init>' '(Lorg/gradle/api/Describable;Lorg/gradle/api/DomainObjectSet;Lorg/gradle/api/internal/file/FileCollectionFactory;Lorg/gradle/api/internal/tasks/TaskDependencyFactory;)V' in 'org/gradle/api/internal/artifacts/DefaultPublishArtifactSet'
  # this:     rdx:rdx   = 'org/gradle/api/internal/artifacts/DefaultPublishArtifactSet'
  # parm0:    r8:r8     = 'org/gradle/api/Describable'
  # parm1:    r9:r9     = 'org/gradle/api/DomainObjectSet'
  # parm2:    rdi:rdi   = 'org/gradle/api/internal/file/FileCollectionFactory'
  # parm3:    rsi:rsi   = 'org/gradle/api/internal/tasks/TaskDependencyFactory'
  #           [sp+0x70]  (sp of caller)
  0x000002f6dd7fe8a0: 448b 5208 | 49c1 e203 

  0x000002f6dd7fe8a8: ;   {runtime_call ic_miss_stub}
  0x000002f6dd7fe8a8: 493b c20f | 85cf fe8e | fe66 6690 | 0f1f 8400 | 0000 0000 | 6666 6690 
[Verified Entry Point]
  0x000002f6dd7fe8c0: 8984 2400 | 80ff ff55 | 4883 ec60 | 4181 7f20 | 9300 0000 | 0f85 4f09 | 0000 4889 | 7424 3048 
  0x000002f6dd7fe8e0: 897c 2420 | 498b f849 | 8bd9 4180 | 7f40 000f | 85df 0300 | 0048 8954 | 2428 4c8b | 5424 284d 
  0x000002f6dd7fe900: 8bc2 498b | ea4c 8bdb | 4d8b d34c | 8b4c 2428 | 4589 510c | 488b df4d | 8bd3 4d33 | d049 c1ea 
  0x000002f6dd7fe920: 144d 85d2 | 741f 4d85 | db74 1a49 | c1e8 0948 | b900 00ea | e3f6 0200 | 0049 03c8 | 8039 020f 
  0x000002f6dd7fe940: 8534 0600 | 0041 807f | 4000 0f85 | bc03 0000 | 4c8b 5424 | 2841 895a | 184c 8bd7 | 4c8b 5c24 
  0x000002f6dd7fe960: 284d 33d3 | 49c1 ea14 | 4d85 d274 | 1f48 85ff | 741a 49c1 | eb09 48b9 | 0000 eae3 | f602 0000 
  0x000002f6dd7fe980: 4903 cb80 | 3902 0f85 | 9f05 0000 | 4d8b 97b8 | 0100 004d | 8bda 4983 | c310 4d3b | 9fc8 0100 
  0x000002f6dd7fe9a0: 000f 836e | 0600 004d 

  0x000002f6dd7fe9a8: ;   {no_reloc}
  0x000002f6dd7fe9a8: 899f b801 | 0000 410f | 1883 c000 | 0000 49c7 | 0201 0000 

  0x000002f6dd7fe9bc: ;   {metadata('org/gradle/api/internal/artifacts/DefaultPublishArtifactSet$$Lambda+0x00000001007826e8')}
  0x000002f6dd7fe9bc: 0041 c742 | 08dd 040f | 2041 896a | 0c4c 8b5c | 2430 458b 

  0x000002f6dd7fe9d0: ;   {metadata('org/gradle/api/internal/tasks/DefaultTaskDependencyFactory')}
  0x000002f6dd7fe9d0: 4308 4181 | f876 6105 | 200f 8511 | 0700 004c | 895c 2440 | 498b afb8 | 0100 004c | 8bdd 4983 
  0x000002f6dd7fe9f0: c310 4d3b | 9fc8 0100 | 000f 835a | 0600 004d | 899f b801 | 0000 410f | 1883 c000 | 0000 48c7 
  0x000002f6dd7fea10: 4500 0100 

  0x000002f6dd7fea14: ;   {metadata('org/gradle/api/internal/tasks/DefaultTaskDependency$VisitBehavior')}
  0x000002f6dd7fea14: 0000 c745 | 0864 1b0f | 204d 8bda | 4489 5d0c | 498b 9fb8 | 0100 004c | 8bd3 4983 | c210 4d3b 
  0x000002f6dd7fea34: 97c8 0100 | 000f 8372 | 0600 004d | 8997 b801 | 0000 410f | 1882 c000 | 0000 48c7 | 0301 0000 
  0x000002f6dd7fea54: ;   {metadata('com/google/common/collect/SingletonImmutableSet')}
  0x000002f6dd7fea54: 00c7 4308 | 6b56 0220 | 4c8b dd44 | 895b 0c49 | 8baf b801 | 0000 4c8b | d549 83c2 | 204d 3b97 
  0x000002f6dd7fea74: c801 0000 | 0f83 0706 | 0000 4d89 | 97b8 0100 | 0041 0f18 | 82c0 0000 | 0048 c745 | 0001 0000 
  0x000002f6dd7fea94: ;   {metadata('org/gradle/api/internal/tasks/DefaultTaskDependency')}
  0x000002f6dd7fea94: 00c7 4508 | 3e1c 0f20 | 4c89 6510 | 4c89 6518 | 4c8b 5424 | 4045 8b52 | 0c4c 8b5c | 2440 458b 
  0x000002f6dd7feab4: 4310 4489 | 450c 4489 | 551c 488b | fb4c 8bdd | 488b f54d | 8bc2 4d33 | c349 c1e8 | 144d 85c0 
  0x000002f6dd7fead4: 741f 4585 | d274 1a49 | c1eb 0948 | b900 00ea | e3f6 0200 | 0049 03cb | 8039 020f | 85d2 0400 
  0x000002f6dd7feaf4: 0041 807f | 4000 0f85 | 7c02 0000 | 897d 144c | 8bd3 4c8b | dd4d 33d3 | 49c1 ea14 | 4d85 d274 
  0x000002f6dd7feb14: 1a49 c1eb | 0948 b900 | 00ea e3f6 | 0200 0049 | 03cb 8039 | 020f 85b8 | 0200 0041 | 807f 4000 
  0x000002f6dd7feb34: 0f85 0a02 | 0000 4c8b | 5424 2841 | 8972 104c | 8bdd 4d33 | da49 c1eb | 144d 85db | 741a 49c1 
  0x000002f6dd7feb54: ea09 48b9 | 0000 eae3 | f602 0000 | 4903 ca80 | 3902 0f85 | c902 0000 | 498b 87b8 | 0100 004c 
  0x000002f6dd7feb74: 8bd0 4983 | c210 4d3b | 97c8 0100 | 000f 83ad | 0400 004d | 8997 b801 | 0000 410f | 1882 c000 
  0x000002f6dd7feb94: ;   {no_reloc}
  0x000002f6dd7feb94: 0000 48c7 | 0001 0000 

  0x000002f6dd7feb9c: ;   {metadata('org/gradle/api/internal/artifacts/DefaultPublishArtifactSet$ArtifactsFileCollection')}
  0x000002f6dd7feb9c: 00c7 4008 | 2605 0f20 | 4489 600c | 4889 6c24 | 3089 7424 | 3848 8944 | 2440 488b | d04c 8b44 
  0x000002f6dd7febbc: 2428 4533 

  0x000002f6dd7febc0: ;   {optimized virtual_call}
  0x000002f6dd7febc0: c966 90e8 

  0x000002f6dd7febc4: ; ImmutableOopMap {[32]=Oop [40]=Oop [48]=Oop [56]=NarrowOop [64]=Oop }
                      ;*invokespecial <init> {reexecute=0 rethrow=0 return_oop=0}
                      ; - org.gradle.api.internal.artifacts.DefaultPublishArtifactSet::<init>@39 (line 62)
  0x000002f6dd7febc4: 78ae e5fe 

  0x000002f6dd7febc8: ;   {other}
  0x000002f6dd7febc8: 0f1f 8400 | 3805 0000 | 4c8b 5424 | 2045 8b5a 

  0x000002f6dd7febd8: ;   {metadata('org/gradle/api/internal/file/DefaultFileCollectionFactory')}
  0x000002f6dd7febd8: 0841 81fb | 0060 0520 | 0f85 2205 | 0000 498b | ea49 8bbf | b801 0000 | 4c8b d749 | 83c2 204d 
  0x000002f6dd7febf8: 3b97 c801 | 0000 0f83 | cc04 0000 | 4d89 97b8 | 0100 0041 | 0f18 82c0 | 0000 0048 | c707 0100 
  0x000002f6dd7fec18: ;   {metadata('org/gradle/api/internal/file/DefaultFileCollectionFactory$1')}
  0x000002f6dd7fec18: 0000 c747 | 0876 1d0f | 2044 8967 | 1444 8967 | 1844 8b5d | 1844 8b55 | 1044 8957 | 0c44 895f 
  0x000002f6dd7fec38: 104c 8b54 | 2440 4d8b | da4c 8bc5 | 4489 471c | 448b 4424 | 3844 8947 | 1844 895f | 1448 8bdf 
  0x000002f6dd7fec58: 4c8b df4d | 33d3 49c1 | ea14 4d85 | 0130 0200 | c1eb 0948 | b900 00ea | e3f6 0200 | 0049 03cb 
  0x000002f6dd7fec78: 8039 020f | 855c 0200 | 0041 807f | 4000 0f85 | 2301 0000 | 488b 7424 | 2889 5e14 | 4c8b d74c 
  0x000002f6dd7fec98: 8bde 4d33 | d349 c1ea | 144d 85d2 | 741b 49c1 | eb09 49b8 | 0000 eae3 | f602 0000 | 4d03 c341 
  0x000002f6dd7fecb8: 8038 020f | 85ca 0100 | 0048 83c4 

  0x000002f6dd7fecc4: ;   {poll_return}
  0x000002f6dd7fecc4: 605d 493b | a748 0400 | 000f 8740 | 0500 00c3 | 4889 5424 | 2844 8b52 | 0c45 85d2 | 0f84 14fc 
  0x000002f6dd7fece4: ffff 4d8b | 5f28 498b | ca4d 85db | 0f84 3604 | 0000 4d8b | 5738 4b89 | 4c1a f849 | 83c3 f84d 
  0x000002f6dd7fed04: 895f 28e9 | eefb ffff | 4c8b 5424 | 2845 8b5a | 1845 85db | 0f84 32fc | ffff 4d8b | 5728 498b 
  0x000002f6dd7fed24: cb4d 85d2 | 0f84 1b04 | 0000 4d8b | 5f38 4b89 | 4c13 f849 | 83c2 f84d | 8957 28e9 | 0cfc ffff 
  0x000002f6dd7fed44: 4c8b 5424 | 2845 8b5a | 1045 85db | 0f84 e4fd | ffff 4d8b | 5728 498b | cb4d 85d2 | 0f84 0004 
  0x000002f6dd7fed64: 0000 4d8b | 5f38 4b89 | 4c13 f849 | 83c2 f84d | 8957 28e9 | befd ffff | 448b 5d14 | 4585 db0f 
  0x000002f6dd7fed84: 8477 fdff | ff4d 8b57 | 2849 8bcb | 4d85 d20f | 84ea 0300 | 004d 8b5f | 384b 894c | 13f8 4983 
  0x000002f6dd7feda4: c2f8 4d89 | 5728 e951 | fdff ff48 | 8b74 2428 | 448b 5e14 | 4585 db0f | 84d0 feff | ff4d 8b57 
  0x000002f6dd7fedc4: ;   {no_reloc}
  0x000002f6dd7fedc4: 2849 8bcb | 4d85 d20f | 84cf 0300 | 004d 8b5f | 384b 894c | 13f8 4983 | c2f8 4d89 | 5728 e9aa 
  0x000002f6dd7fede4: feff ff4d | 8b57 584d | 8b5f 48f0 | 8344 24c0 | 0080 3900 | 0f84 31fd | ffff 4488 | 214d 85db 
  0x000002f6dd7fee04: 751d 498b | d749 ba50 | eef6 c9fe | 7f00 0041 

  0x000002f6dd7fee14: ;   {other}
  0x000002f6dd7fee14: ffd2 0f1f | 8400 0000 | 0000 e90c | fdff ff4b | 894c 1af8 | 4983 c3f8 | 4d89 5f48 | e9fa fcff 
  0x000002f6dd7fee34: ff4d 8b57 | 584d 8b5f | 48f0 8344 | 24c0 0080 | 3900 742f | 4488 214d | 85db 740f | 4b89 4c1a 
  0x000002f6dd7fee54: f849 83c3 | f84d 895f | 48eb 1849 | 8bd7 49ba | 50ee f6c9 | fe7f 0000 

  0x000002f6dd7fee6c: ;   {other}
  0x000002f6dd7fee6c: 41ff d20f | 1f84 0000 | 0000 004c | 8b54 2428 | 418b 7210 | 4c8b d649 | 8bea e9e1 | fcff ff4d 
  0x000002f6dd7fee8c: 8b57 484d | 8b5f 58f0 | 8344 24c0 | 0041 8038 | 000f 841e | feff ff45 | 8820 4d85 | d275 2049 
  0x000002f6dd7feeac: 8bc8 498b | d749 ba50 | eef6 c9fe | 7f00 0041 

  0x000002f6dd7feebc: ;   {other}
  0x000002f6dd7feebc: ffd2 0f1f | 8400 0000 | 0000 e9f6 | fdff ff4f | 8944 13f8 | 4983 c2f8 | 4d89 5748 | e9e4 fdff 
  0x000002f6dd7feedc: ff4d 8b57 | 584d 8b5f | 48f0 8344 | 24c0 0080 | 3900 0f84 | 8dfd ffff | 4488 214d | 85db 751d 
  0x000002f6dd7feefc: 498b d749 | ba50 eef6 | c9fe 7f00 | 0041 ffd2 

  0x000002f6dd7fef0c: ;   {other}
  0x000002f6dd7fef0c: 0f1f 8400 | 0000 0000 | e968 fdff | ff4b 894c | 1af8 4983 | c3f8 4d89 | 5f48 e956 | fdff ff4d 
  0x000002f6dd7fef2c: 8b57 584d | 8b5f 48f0 | 8344 24c0 | 0080 3900 | 0f84 4afa | ffff 4488 | 214d 85db | 751d 498b 
  0x000002f6dd7fef4c: d749 ba50 | eef6 c9fe | 7f00 0041 

  0x000002f6dd7fef58: ;   {other}
  0x000002f6dd7fef58: ffd2 0f1f | 8400 0000 | 0000 e925 | faff ff4b | 894c 1af8 | 4983 c3f8 | 4d89 5f48 | e913 faff 
  0x000002f6dd7fef78: ff4d 8b57 | 484d 8b5f | 58f0 8344 | 24c0 0080 | 3900 0f84 | b5f9 ffff | 4488 214d | 85d2 751d 
  0x000002f6dd7fef98: 498b d749 | ba50 eef6 | c9fe 7f00 | 0041 ffd2 

  0x000002f6dd7fefa8: ;   {other}
  0x000002f6dd7fefa8: 0f1f 8400 | 0000 0000 | e990 f9ff | ff4b 894c | 13f8 4983 | c2f8 4d89 | 5748 e97e | f9ff ff4d 
  0x000002f6dd7fefc8: 8b57 584d | 8b5f 48f0 | 8344 24c0 | 0080 3900 | 0f84 17fb | ffff 4488 | 214d 85db | 751d 498b 
  0x000002f6dd7fefe8: d749 ba50 | eef6 c9fe | 7f00 0041 

  0x000002f6dd7feff4: ;   {other}
  0x000002f6dd7feff4: ffd2 0f1f | 8400 0000 | 0000 e9f2 | faff ff4b | 894c 1af8 | 4983 c3f8 | 4d89 5f48 | e9e0 faff 
  0x000002f6dd7ff014: ;   {metadata('org/gradle/api/internal/artifacts/DefaultPublishArtifactSet$$Lambda+0x00000001007826e8')}
  0x000002f6dd7ff014: ff48 bae8 | 2678 0001 

  0x000002f6dd7ff01c: ;   {runtime_call _new_instance_Java}
  0x000002f6dd7ff01c: 0000 00e8 

  0x000002f6dd7ff020: ; ImmutableOopMap {rbp=NarrowOop [32]=Oop [40]=Oop [48]=Oop }
                      ;*invokevirtual allocateInstance {reexecute=0 rethrow=0 return_oop=1}
                      ; - java.lang.invoke.DirectMethodHandle::allocateInstance@12
                      ; - java.lang.invoke.DirectMethodHandle$Holder::newInvokeSpecial@1
                      ; - java.lang.invoke.Invokers$Holder::linkToTargetMethod@5
                      ; - org.gradle.api.internal.artifacts.DefaultPublishArtifactSet::<init>@14 (line 57)
  0x000002f6dd7ff020: dc69 9bfe 

  0x000002f6dd7ff024: ;   {other}
  0x000002f6dd7ff024: 0f1f 8400 | 9409 0001 | 4c8b d0e9 | 91f9 ffff | 8974 2438 | 4889 6c24 

  0x000002f6dd7ff03c: ;   {metadata('org/gradle/api/internal/artifacts/DefaultPublishArtifactSet$ArtifactsFileCollection')}
  0x000002f6dd7ff03c: 3048 ba30 | 2978 0001 

  0x000002f6dd7ff044: ;   {runtime_call _new_instance_Java}
  0x000002f6dd7ff044: 0000 00e8 

  0x000002f6dd7ff048: ; ImmutableOopMap {[32]=Oop [40]=Oop [48]=Oop [56]=NarrowOop }
                      ;*new {reexecute=0 rethrow=0 return_oop=1}
                      ; - org.gradle.api.internal.artifacts.DefaultPublishArtifactSet::<init>@33 (line 62)
  0x000002f6dd7ff048: b469 9bfe 

  0x000002f6dd7ff04c: ;   {other}
  0x000002f6dd7ff04c: 0f1f 8400 | bc09 0002 | e958 fbff 

  0x000002f6dd7ff058: ;   {metadata('org/gradle/api/internal/tasks/DefaultTaskDependency$VisitBehavior')}
  0x000002f6dd7ff058: ff48 ba20 | db78 0001 | 0000 004c | 8954 2448 

  0x000002f6dd7ff068: ;   {runtime_call _new_instance_Java}
  0x000002f6dd7ff068: 6666 90e8 

  0x000002f6dd7ff06c: ; ImmutableOopMap {[32]=Oop [40]=Oop [64]=Oop [72]=Oop }
                      ;*new {reexecute=0 rethrow=0 return_oop=1}
                      ; - org.gradle.api.internal.tasks.DefaultTaskDependencyFactory::visitingDependencies@1 (line 59)
                      ; - org.gradle.api.internal.artifacts.DefaultPublishArtifactSet::<init>@19 (line 57)
  0x000002f6dd7ff06c: 9069 9bfe 

  0x000002f6dd7ff070: ;   {other}
  0x000002f6dd7ff070: 0f1f 8400 | e009 0003 | 488b e84c | 8b54 2448 | e998 f9ff 

  0x000002f6dd7ff084: ;   {metadata('org/gradle/api/internal/tasks/DefaultTaskDependency')}
  0x000002f6dd7ff084: ff48 baf0 | e178 0001 | 0000 0048 | 895c 2448 

  0x000002f6dd7ff094: ;   {runtime_call _new_instance_Java}
  0x000002f6dd7ff094: 6666 90e8 

  0x000002f6dd7ff098: ; ImmutableOopMap {[32]=Oop [40]=Oop [64]=Oop [72]=Oop }
                      ;*new {reexecute=0 rethrow=0 return_oop=1}
                      ; - org.gradle.api.internal.tasks.DefaultTaskDependencyFactory::configurableDependency@0 (line 54)
                      ; - org.gradle.api.internal.tasks.DefaultTaskDependencyFactory::visitingDependencies@12 (line 59)
                      ; - org.gradle.api.internal.artifacts.DefaultPublishArtifactSet::<init>@19 (line 57)
  0x000002f6dd7ff098: 6469 9bfe 

  0x000002f6dd7ff09c: ;   {other}
  0x000002f6dd7ff09c: 0f1f 8400 | 0c0a 0004 | 488b e848 | 8b5c 2448 | e9f3 f9ff 

  0x000002f6dd7ff0b0: ;   {metadata('com/google/common/collect/SingletonImmutableSet')}
  0x000002f6dd7ff0b0: ff48 ba58 | b312 0001 

  0x000002f6dd7ff0b8: ;   {runtime_call _new_instance_Java}
  0x000002f6dd7ff0b8: 0000 00e8 

  0x000002f6dd7ff0bc: ; ImmutableOopMap {rbp=Oop [32]=Oop [40]=Oop [64]=Oop }
                      ;*new {reexecute=0 rethrow=0 return_oop=1}
                      ; - com.google.common.collect.ImmutableSet::of@0 (line 91)
                      ; - org.gradle.api.internal.tasks.DefaultTaskDependencyFactory::visitingDependencies@9 (line 59)
                      ; - org.gradle.api.internal.artifacts.DefaultPublishArtifactSet::<init>@19 (line 57)
  0x000002f6dd7ff0bc: 4069 9bfe 

  0x000002f6dd7ff0c0: ;   {other}
  0x000002f6dd7ff0c0: 0f1f 8400 | 300a 0005 | 488b d8e9 | 8cf9 ffff 

  0x000002f6dd7ff0d0: ;   {metadata('org/gradle/api/internal/file/DefaultFileCollectionFactory$1')}
  0x000002f6dd7ff0d0: 48ba b0eb | 7800 0100 

  0x000002f6dd7ff0d8: ;   {runtime_call _new_instance_Java}
  0x000002f6dd7ff0d8: 0000 90e8 

  0x000002f6dd7ff0dc: ; ImmutableOopMap {rbp=Oop [40]=Oop [48]=Oop [56]=NarrowOop [64]=Oop }
                      ;*new {reexecute=0 rethrow=0 return_oop=1}
                      ; - org.gradle.api.internal.file.DefaultFileCollectionFactory::create@0 (line 144)
                      ; - org.gradle.api.internal.artifacts.DefaultPublishArtifactSet::<init>@42 (line 62)
  0x000002f6dd7ff0dc: 2069 9bfe 

  0x000002f6dd7ff0e0: ;   {other}
  0x000002f6dd7ff0e0: 0f1f 8400 | 500a 0006 | 488b f8e9 | 39fb ffff | bade ffff | ff4c 8954 

  0x000002f6dd7ff0f8: ;   {runtime_call UncommonTrapBlob}
  0x000002f6dd7ff0f8: 2438 90e8 

  0x000002f6dd7ff0fc: ; ImmutableOopMap {[32]=Oop [40]=Oop [48]=Oop [56]=Oop }
                      ;*invokeinterface visitingDependencies {reexecute=0 rethrow=0 return_oop=0}
                      ; - org.gradle.api.internal.artifacts.DefaultPublishArtifactSet::<init>@19 (line 57)
  0x000002f6dd7ff0fc: 0055 8ffe 

  0x000002f6dd7ff100: ;   {other}
  0x000002f6dd7ff100: 0f1f 8400 | 700a 0007 | bade ffff | ff48 8b6c | 2428 4c8b | 5424 304c | 8954 2428 

  0x000002f6dd7ff11c: ;   {runtime_call UncommonTrapBlob}
  0x000002f6dd7ff11c: 6666 90e8 

  0x000002f6dd7ff120: ; ImmutableOopMap {rbp=Oop [32]=Oop [40]=Oop [64]=Oop }
                      ;*invokeinterface create {reexecute=0 rethrow=0 return_oop=0}
                      ; - org.gradle.api.internal.artifacts.DefaultPublishArtifactSet::<init>@42 (line 62)
  0x000002f6dd7ff120: dc54 8ffe 

  0x000002f6dd7ff124: ;   {other}
  0x000002f6dd7ff124: 0f1f 8400 | 940a 0008 | 498b d749 | ba70 eef6 | c9fe 7f00 | 0041 ffd2 

  0x000002f6dd7ff13c: ;   {other}
  0x000002f6dd7ff13c: 0f1f 8400 | 0000 0000 | e9b1 f7ff | ff49 8bd7 | 49ba 70ee | f6c9 fe7f | 0000 41ff 

  0x000002f6dd7ff158: ;   {other}
  0x000002f6dd7ff158: d20f 1f84 | 0000 0000 | 00e9 eaf7 | ffff 498b | d749 ba70 | eef6 c9fe | 7f00 0041 

  0x000002f6dd7ff174: ;   {other}
  0x000002f6dd7ff174: ffd2 0f1f | 8400 0000 | 0000 e9b7 | f9ff ff49 | 8bd7 49ba | 70ee f6c9 | fe7f 0000 

  0x000002f6dd7ff190: ;   {other}
  0x000002f6dd7ff190: 41ff d20f | 1f84 0000 | 0000 00e9 | 60f9 ffff | 498b d749 | ba70 eef6 | c9fe 7f00 | 0041 ffd2 
  0x000002f6dd7ff1b0: ;   {other}
  0x000002f6dd7ff1b0: 0f1f 8400 | 0000 0000 | e9d4 faff | ffba f6ff | ffff 498b 

  0x000002f6dd7ff1c4: ;   {runtime_call UncommonTrapBlob}
  0x000002f6dd7ff1c4: ea66 90e8 

  0x000002f6dd7ff1c8: ; ImmutableOopMap {rbp=Oop }
                      ;*invokeinterface visitingDependencies {reexecute=0 rethrow=0 return_oop=0}
                      ; - org.gradle.api.internal.artifacts.DefaultPublishArtifactSet::<init>@19 (line 57)
  0x000002f6dd7ff1c8: 3454 8ffe 

  0x000002f6dd7ff1cc: ;   {other}
  0x000002f6dd7ff1cc: 0f1f 8400 | 3c0b 0009 | baf6 ffff 

  0x000002f6dd7ff1d8: ;   {runtime_call UncommonTrapBlob}
  0x000002f6dd7ff1d8: ff66 90e8 

  0x000002f6dd7ff1dc: ; ImmutableOopMap {[48]=Oop [64]=Oop }
                      ;*invokeinterface create {reexecute=0 rethrow=0 return_oop=0}
                      ; - org.gradle.api.internal.artifacts.DefaultPublishArtifactSet::<init>@42 (line 62)
  0x000002f6dd7ff1dc: 2054 8ffe 

  0x000002f6dd7ff1e0: ;   {other}
  0x000002f6dd7ff1e0: 0f1f 8400 | 500b 000a | 488b d0eb | 1c48 8bd0 | eb17 488b | d0eb 1248 | 8bd0 eb0d | 488b d0eb 
  0x000002f6dd7ff200: 0848 8bd0 | eb03 488b | d048 83c4 

  0x000002f6dd7ff20c: ;   {runtime_call _rethrow_Java}
  0x000002f6dd7ff20c: 605d e9ed 

  0x000002f6dd7ff210: ;   {internal_word}
  0x000002f6dd7ff210: 879b fe49 | bac6 ec7f | ddf6 0200 | 004d 8997 | 6004 0000 

  0x000002f6dd7ff224: ;   {runtime_call SafepointBlob}
  0x000002f6dd7ff224: e9d7 648f 

  0x000002f6dd7ff228: ;   {runtime_call StubRoutines (final stubs)}
  0x000002f6dd7ff228: fee8 f2a8 | 8dfe e9a7 | f6ff fff4 | f4f4 f4f4 
[Stub Code]
  0x000002f6dd7ff238: ;   {no_reloc}
  0x000002f6dd7ff238: 48bb 8027 | c6ec f602 

  0x000002f6dd7ff240: ;   {runtime_call I2C/C2I adapters}
  0x000002f6dd7ff240: 0000 e91b 

  0x000002f6dd7ff244: ;   {runtime_call ExceptionBlob}
  0x000002f6dd7ff244: bb8e fee9 | b42e 9bfe 
[Deopt Handler Code]
  0x000002f6dd7ff24c: e800 0000 | 0048 832c 

  0x000002f6dd7ff254: ;   {runtime_call DeoptimizationBlob}
  0x000002f6dd7ff254: 2405 e945 | 578f fef4 | f4f4 f4f4 
[/MachCode]


---------------  P R O C E S S  ---------------

Threads class SMR info:
_java_thread_list=0x000002f6ff6e6b60, length=155, elements={
0x000002f6d1a13650, 0x000002f6e933a7d0, 0x000002f6e933d5f0, 0x000002f6e931a540,
0x000002f6e9347300, 0x000002f6e9323d90, 0x000002f6e934fd60, 0x000002f6e9328e90,
0x000002f6e9356970, 0x000002f6e910cea0, 0x000002f6e964d150, 0x000002f6f24d9570,
0x000002f6f22a2200, 0x000002f6f238a3d0, 0x000002f6f2414a60, 0x000002f6f2411c70,
0x000002f6f2413020, 0x000002f6f24115e0, 0x000002f6f24136b0, 0x000002f6f2413d40,
0x000002f6f4eff2b0, 0x000002f6f4f05520, 0x000002f6f4f00660, 0x000002f6f4f02730,
0x000002f6f4f068d0, 0x000002f6f3f1da00, 0x000002f6f3f1c650, 0x000002f6f5ae99f0,
0x000002f6f7fda660, 0x000002f6f43b8a20, 0x000002f6f4f03450, 0x000002f6f49a78f0,
0x000002f6f5d2cbb0, 0x000002f6f86336b0, 0x000002f6fd213990, 0x000002f6f43b55a0,
0x000002f6fd212c70, 0x000002f6fd20b650, 0x000002f6fd20c370, 0x000002f6f86315e0,
0x000002f6fd206e20, 0x000002f6fd20ddb0, 0x000002f6f43ba460, 0x000002f6fd213300,
0x000002f6fe62f620, 0x000002f6fe6293b0, 0x000002f6f7f85ae0, 0x000002f6fe62d550,
0x000002f6f7f85450, 0x000002f6fe628d20, 0x000002f6fe62c830, 0x000002f6fe627970,
0x000002f6fe62a760, 0x000002f6f8635780, 0x000002f6fe632410, 0x000002f6fe628000,
0x000002f6f7f82cf0, 0x000002f6f862e7f0, 0x000002f6ff598ac0, 0x000002f6f4db6490,
0x000002f6f84b3060, 0x000002f6fe383ad0, 0x000002f6f860a320, 0x000002f6fdc1b380,
0x000002f6fdc1a660, 0x000002f6fd11e450, 0x000002f6ff01d4f0, 0x000002f6f4db50e0,
0x000002f6ff597da0, 0x000002f6f862cdb0, 0x000002f6f86292a0, 0x000002f6e9895ce0,
0x000002f6851c38e0, 0x000002f6f77c7710, 0x000002f6f4bc0b60, 0x000002f6f77c7080,
0x000002f6f5ddecb0, 0x000002f6f854bd80, 0x000002f6ff59a500, 0x000002f6ff4c0e60,
0x000002f6f2d7ce30, 0x000002f6f4bbdd70, 0x000002f6f461aad0, 0x000002f6f4619db0,
0x000002f6ff01ef30, 0x000002f6fd836ce0, 0x000002f6fe9728f0, 0x000002f6f6bcf710,
0x000002f6feb2a480, 0x000002f6fdc961a0, 0x000002f6fee8b8e0, 0x000002f6fd658c40,
0x000002f6851c2bc0, 0x000002f6f2d7c7a0, 0x000002f6e9898ad0, 0x000002f6f84629e0,
0x000002f6f2c0b140, 0x000002f6f2d7d4c0, 0x000002f6f6f876c0, 0x000002f6f6bcd640,
0x000002f6e9bca4c0, 0x000002f6f4bbf120, 0x000002f6f5ddf340, 0x000002f6f45a10c0,
0x000002f6fe970190, 0x000002f6f459dc40, 0x000002f6f45a2470, 0x000002f6fd657f20,
0x000002f6f459e960, 0x000002f6f2d7b3f0, 0x000002f6fd65a680, 0x000002f6851c3f70,
0x000002f6fecb1120, 0x000002f6f8463d90, 0x000002f6f4107530, 0x000002f6fd65ba30,
0x000002f6f45a3190, 0x000002f687b34e00, 0x000002f6e9bc7d60, 0x000002f6f77c9150,
0x000002f6fdc19fd0, 0x000002f6f459cf20, 0x000002f6fecb0400, 0x000002f6f459eff0,
0x000002f6851c1810, 0x000002f6fe970eb0, 0x000002f6fe9c9f50, 0x000002f6fe970820,
0x000002f6f459d5b0, 0x000002f6fd655e50, 0x000002f6f77c9e70, 0x000002f6f854d130,
0x000002f6fd85b500, 0x000002f6f45a1de0, 0x000002f6fd85d5d0, 0x000002f6fdc95480,
0x000002f6fd835930, 0x000002f6f5ddd270, 0x000002f6e9bc76d0, 0x000002f685e49e10,
0x000002f6f6bcdcd0, 0x000002f6fd85a7e0, 0x000002f6feb2bec0, 0x000002f6f7f7ca80,
0x000002f6fd836650, 0x000002f6fd837370, 0x000002f6fd838720, 0x000002f6f7f7b040,
0x000002f6f7f79c90, 0x000002f6f7f7b6d0, 0x000002f6f7f7d110, 0x000002f6f7f7d7a0,
0x000002f6fdc192b0, 0x000002f6fdc1ba10, 0x000002f6fdc19940
}

Java Threads: ( => current thread )
  0x000002f6d1a13650 JavaThread "main"                              [_thread_blocked, id=13888, stack(0x000000fdbf200000,0x000000fdbf300000) (1024K)]
  0x000002f6e933a7d0 JavaThread "Reference Handler"          daemon [_thread_blocked, id=13692, stack(0x000000fdbfa00000,0x000000fdbfb00000) (1024K)]
  0x000002f6e933d5f0 JavaThread "Finalizer"                  daemon [_thread_blocked, id=13668, stack(0x000000fdbfb00000,0x000000fdbfc00000) (1024K)]
  0x000002f6e931a540 JavaThread "Signal Dispatcher"          daemon [_thread_blocked, id=13664, stack(0x000000fdbfc00000,0x000000fdbfd00000) (1024K)]
  0x000002f6e9347300 JavaThread "Attach Listener"            daemon [_thread_blocked, id=13684, stack(0x000000fdbfd00000,0x000000fdbfe00000) (1024K)]
  0x000002f6e9323d90 JavaThread "Service Thread"             daemon [_thread_blocked, id=13688, stack(0x000000fdbfe00000,0x000000fdbff00000) (1024K)]
  0x000002f6e934fd60 JavaThread "Monitor Deflation Thread"   daemon [_thread_blocked, id=13704, stack(0x000000fdbff00000,0x000000fdc0000000) (1024K)]
  0x000002f6e9328e90 JavaThread "C2 CompilerThread0"         daemon [_thread_blocked, id=13712, stack(0x000000fdc0000000,0x000000fdc0100000) (1024K)]
  0x000002f6e9356970 JavaThread "C1 CompilerThread0"         daemon [_thread_blocked, id=13728, stack(0x000000fdc0100000,0x000000fdc0200000) (1024K)]
  0x000002f6e910cea0 JavaThread "Common-Cleaner"             daemon [_thread_blocked, id=13732, stack(0x000000fdc0200000,0x000000fdc0300000) (1024K)]
  0x000002f6e964d150 JavaThread "Notification Thread"        daemon [_thread_blocked, id=13736, stack(0x000000fdc0300000,0x000000fdc0400000) (1024K)]
  0x000002f6f24d9570 JavaThread "Daemon health stats"               [_thread_blocked, id=13620, stack(0x000000fdc0b00000,0x000000fdc0c00000) (1024K)]
  0x000002f6f22a2200 JavaThread "Incoming local TCP Connector on port 50103"        [_thread_in_native, id=4376, stack(0x000000fdc0c00000,0x000000fdc0d00000) (1024K)]
  0x000002f6f238a3d0 JavaThread "Daemon periodic checks"            [_thread_blocked, id=1388, stack(0x000000fdc0d00000,0x000000fdc0e00000) (1024K)]
  0x000002f6f2414a60 JavaThread "Cache worker for journal cache (C:\Users\PC\.gradle\caches\journal-1)"        [_thread_blocked, id=13968, stack(0x000000fdc1700000,0x000000fdc1800000) (1024K)]
  0x000002f6f2411c70 JavaThread "File lock request listener"        [_thread_in_native, id=14068, stack(0x000000fdc1800000,0x000000fdc1900000) (1024K)]
  0x000002f6f2413020 JavaThread "Cache worker for file hash cache (C:\Users\PC\.gradle\caches\8.11.1\fileHashes)"        [_thread_blocked, id=5428, stack(0x000000fdc1900000,0x000000fdc1a00000) (1024K)]
  0x000002f6f24115e0 JavaThread "Cache worker for file content cache (C:\Users\PC\.gradle\caches\8.11.1\fileContent)"        [_thread_blocked, id=13972, stack(0x000000fdc1b00000,0x000000fdc1c00000) (1024K)]
  0x000002f6f24136b0 JavaThread "File watcher server"        daemon [_thread_blocked, id=14172, stack(0x000000fdc1e00000,0x000000fdc1f00000) (1024K)]
  0x000002f6f2413d40 JavaThread "File watcher consumer"      daemon [_thread_blocked, id=6524, stack(0x000000fdc1f00000,0x000000fdc2000000) (1024K)]
  0x000002f6f4eff2b0 JavaThread "jar transforms"                    [_thread_blocked, id=14016, stack(0x000000fdc2300000,0x000000fdc2400000) (1024K)]
  0x000002f6f4f05520 JavaThread "jar transforms Thread 2"           [_thread_blocked, id=14000, stack(0x000000fdc2400000,0x000000fdc2500000) (1024K)]
  0x000002f6f4f00660 JavaThread "jar transforms Thread 3"           [_thread_blocked, id=13984, stack(0x000000fdc2500000,0x000000fdc2600000) (1024K)]
  0x000002f6f4f02730 JavaThread "jar transforms Thread 4"           [_thread_blocked, id=14280, stack(0x000000fdc3a00000,0x000000fdc3b00000) (1024K)]
  0x000002f6f4f068d0 JavaThread "jar transforms Thread 5"           [_thread_blocked, id=14276, stack(0x000000fdc3b00000,0x000000fdc3c00000) (1024K)]
  0x000002f6f3f1da00 JavaThread "Memory manager"                    [_thread_blocked, id=2872, stack(0x000000fdc3c00000,0x000000fdc3d00000) (1024K)]
  0x000002f6f3f1c650 JavaThread "jar transforms Thread 6"           [_thread_blocked, id=9972, stack(0x000000fdc3e00000,0x000000fdc3f00000) (1024K)]
  0x000002f6f5ae99f0 JavaThread "pool-3-thread-1"                   [_thread_blocked, id=7476, stack(0x000000fdc4000000,0x000000fdc4100000) (1024K)]
  0x000002f6f7fda660 JavaThread "Cache worker for Java compile cache (C:\Users\PC\.gradle\caches\8.11.1\javaCompile)"        [_thread_blocked, id=2200, stack(0x000000fdc8500000,0x000000fdc8600000) (1024K)]
  0x000002f6f43b8a20 JavaThread "pool-6-thread-1"                   [_thread_blocked, id=13852, stack(0x000000fdc3200000,0x000000fdc3300000) (1024K)]
  0x000002f6f4f03450 JavaThread "pool-9-thread-1"                   [_thread_blocked, id=6160, stack(0x000000fdc3100000,0x000000fdc3200000) (1024K)]
  0x000002f6f49a78f0 JavaThread "pool-13-thread-1"                  [_thread_blocked, id=14260, stack(0x000000fdc3400000,0x000000fdc3500000) (1024K)]
  0x000002f6f5d2cbb0 JavaThread "pool-17-thread-1"                  [_thread_blocked, id=12716, stack(0x000000fdc3500000,0x000000fdc3600000) (1024K)]
  0x000002f6f86336b0 JavaThread "pool-21-thread-1"                  [_thread_blocked, id=10412, stack(0x000000fdc3600000,0x000000fdc3700000) (1024K)]
  0x000002f6fd213990 JavaThread "pool-24-thread-1"                  [_thread_blocked, id=8568, stack(0x000000fdc3700000,0x000000fdc3800000) (1024K)]
  0x000002f6f43b55a0 JavaThread "pool-28-thread-1"                  [_thread_blocked, id=9064, stack(0x000000fdc3800000,0x000000fdc3900000) (1024K)]
  0x000002f6fd212c70 JavaThread "pool-32-thread-1"                  [_thread_blocked, id=3820, stack(0x000000fdc3300000,0x000000fdc3400000) (1024K)]
  0x000002f6fd20b650 JavaThread "pool-36-thread-1"                  [_thread_blocked, id=10880, stack(0x000000fdc3900000,0x000000fdc3a00000) (1024K)]
  0x000002f6fd20c370 JavaThread "pool-41-thread-1"                  [_thread_blocked, id=9920, stack(0x000000fdc3d00000,0x000000fdc3e00000) (1024K)]
  0x000002f6f86315e0 JavaThread "pool-44-thread-1"                  [_thread_blocked, id=8240, stack(0x000000fdc3f00000,0x000000fdc4000000) (1024K)]
  0x000002f6fd206e20 JavaThread "pool-47-thread-1"                  [_thread_blocked, id=9716, stack(0x000000fdc1c00000,0x000000fdc1d00000) (1024K)]
  0x000002f6fd20ddb0 JavaThread "pool-50-thread-1"                  [_thread_blocked, id=11648, stack(0x000000fdc4200000,0x000000fdc4300000) (1024K)]
  0x000002f6f43ba460 JavaThread "pool-54-thread-1"                  [_thread_blocked, id=5944, stack(0x000000fdc4300000,0x000000fdc4400000) (1024K)]
  0x000002f6fd213300 JavaThread "pool-57-thread-1"                  [_thread_blocked, id=2264, stack(0x000000fdc4400000,0x000000fdc4500000) (1024K)]
  0x000002f6fe62f620 JavaThread "pool-60-thread-1"                  [_thread_blocked, id=12376, stack(0x000000fdc4100000,0x000000fdc4200000) (1024K)]
  0x000002f6fe6293b0 JavaThread "pool-64-thread-1"                  [_thread_blocked, id=9244, stack(0x000000fdc4800000,0x000000fdc4900000) (1024K)]
  0x000002f6f7f85ae0 JavaThread "pool-67-thread-1"                  [_thread_blocked, id=8432, stack(0x000000fdc4600000,0x000000fdc4700000) (1024K)]
  0x000002f6fe62d550 JavaThread "pool-70-thread-1"                  [_thread_blocked, id=10668, stack(0x000000fdc4700000,0x000000fdc4800000) (1024K)]
  0x000002f6f7f85450 JavaThread "pool-73-thread-1"                  [_thread_blocked, id=6400, stack(0x000000fdc4b00000,0x000000fdc4c00000) (1024K)]
  0x000002f6fe628d20 JavaThread "pool-76-thread-1"                  [_thread_blocked, id=11740, stack(0x000000fdc4900000,0x000000fdc4a00000) (1024K)]
  0x000002f6fe62c830 JavaThread "pool-79-thread-1"                  [_thread_blocked, id=4156, stack(0x000000fdc4a00000,0x000000fdc4b00000) (1024K)]
  0x000002f6fe627970 JavaThread "pool-82-thread-1"                  [_thread_blocked, id=8916, stack(0x000000fdc4c00000,0x000000fdc4d00000) (1024K)]
  0x000002f6fe62a760 JavaThread "pool-85-thread-1"                  [_thread_blocked, id=9368, stack(0x000000fdc4500000,0x000000fdc4600000) (1024K)]
  0x000002f6f8635780 JavaThread "pool-88-thread-1"                  [_thread_blocked, id=2080, stack(0x000000fdc4e00000,0x000000fdc4f00000) (1024K)]
  0x000002f6fe632410 JavaThread "pool-92-thread-1"                  [_thread_blocked, id=2176, stack(0x000000fdc4f00000,0x000000fdc5000000) (1024K)]
  0x000002f6fe628000 JavaThread "pool-96-thread-1"                  [_thread_blocked, id=12660, stack(0x000000fdc4d00000,0x000000fdc4e00000) (1024K)]
  0x000002f6f7f82cf0 JavaThread "pool-99-thread-1"                  [_thread_blocked, id=2836, stack(0x000000fdc5200000,0x000000fdc5300000) (1024K)]
  0x000002f6f862e7f0 JavaThread "pool-102-thread-1"                 [_thread_blocked, id=13020, stack(0x000000fdc5100000,0x000000fdc5200000) (1024K)]
  0x000002f6ff598ac0 JavaThread "pool-106-thread-1"                 [_thread_blocked, id=13184, stack(0x000000fdc5300000,0x000000fdc5400000) (1024K)]
  0x000002f6f4db6490 JavaThread "pool-109-thread-1"                 [_thread_blocked, id=10608, stack(0x000000fdc5400000,0x000000fdc5500000) (1024K)]
  0x000002f6f84b3060 JavaThread "pool-113-thread-1"                 [_thread_blocked, id=13936, stack(0x000000fdc5600000,0x000000fdc5700000) (1024K)]
  0x000002f6fe383ad0 JavaThread "pool-117-thread-1"                 [_thread_blocked, id=6760, stack(0x000000fdc5000000,0x000000fdc5100000) (1024K)]
  0x000002f6f860a320 JavaThread "pool-120-thread-1"                 [_thread_blocked, id=12740, stack(0x000000fdc5500000,0x000000fdc5600000) (1024K)]
  0x000002f6fdc1b380 JavaThread "pool-123-thread-1"                 [_thread_blocked, id=14064, stack(0x000000fdc5900000,0x000000fdc5a00000) (1024K)]
  0x000002f6fdc1a660 JavaThread "pool-126-thread-1"                 [_thread_blocked, id=13860, stack(0x000000fdc5700000,0x000000fdc5800000) (1024K)]
  0x000002f6fd11e450 JavaThread "pool-129-thread-1"                 [_thread_blocked, id=8580, stack(0x000000fdc5800000,0x000000fdc5900000) (1024K)]
  0x000002f6ff01d4f0 JavaThread "pool-133-thread-1"                 [_thread_blocked, id=11944, stack(0x000000fdc5b00000,0x000000fdc5c00000) (1024K)]
  0x000002f6f4db50e0 JavaThread "pool-136-thread-1"                 [_thread_blocked, id=14316, stack(0x000000fdc5a00000,0x000000fdc5b00000) (1024K)]
  0x000002f6ff597da0 JavaThread "pool-139-thread-1"                 [_thread_blocked, id=6040, stack(0x000000fdc5c00000,0x000000fdc5d00000) (1024K)]
  0x000002f6f862cdb0 JavaThread "pool-143-thread-1"                 [_thread_blocked, id=13832, stack(0x000000fdc5d00000,0x000000fdc5e00000) (1024K)]
  0x000002f6f86292a0 JavaThread "pool-146-thread-1"                 [_thread_blocked, id=7672, stack(0x000000fdc5e00000,0x000000fdc5f00000) (1024K)]
  0x000002f6e9895ce0 JavaThread "pool-149-thread-1"                 [_thread_blocked, id=9012, stack(0x000000fdc5f00000,0x000000fdc6000000) (1024K)]
  0x000002f6851c38e0 JavaThread "pool-153-thread-1"                 [_thread_blocked, id=14060, stack(0x000000fdc6100000,0x000000fdc6200000) (1024K)]
  0x000002f6f77c7710 JavaThread "pool-157-thread-1"                 [_thread_blocked, id=6456, stack(0x000000fdc6200000,0x000000fdc6300000) (1024K)]
  0x000002f6f4bc0b60 JavaThread "pool-160-thread-1"                 [_thread_blocked, id=6776, stack(0x000000fdc6000000,0x000000fdc6100000) (1024K)]
  0x000002f6f77c7080 JavaThread "pool-163-thread-1"                 [_thread_blocked, id=6452, stack(0x000000fdc6300000,0x000000fdc6400000) (1024K)]
  0x000002f6f5ddecb0 JavaThread "pool-166-thread-1"                 [_thread_blocked, id=3680, stack(0x000000fdc6400000,0x000000fdc6500000) (1024K)]
  0x000002f6f854bd80 JavaThread "pool-169-thread-1"                 [_thread_blocked, id=212, stack(0x000000fdc6500000,0x000000fdc6600000) (1024K)]
  0x000002f6ff59a500 JavaThread "pool-173-thread-1"                 [_thread_blocked, id=12900, stack(0x000000fdc6700000,0x000000fdc6800000) (1024K)]
  0x000002f6ff4c0e60 JavaThread "pool-176-thread-1"                 [_thread_blocked, id=10832, stack(0x000000fdc6600000,0x000000fdc6700000) (1024K)]
  0x000002f6f2d7ce30 JavaThread "pool-180-thread-1"                 [_thread_blocked, id=8992, stack(0x000000fdc6800000,0x000000fdc6900000) (1024K)]
  0x000002f6f4bbdd70 JavaThread "pool-183-thread-1"                 [_thread_blocked, id=14308, stack(0x000000fdc6900000,0x000000fdc6a00000) (1024K)]
  0x000002f6f461aad0 JavaThread "jar transforms Thread 7"           [_thread_blocked, id=8060, stack(0x000000fdc1a00000,0x000000fdc1b00000) (1024K)]
  0x000002f6f4619db0 JavaThread "jar transforms Thread 8"           [_thread_blocked, id=1320, stack(0x000000fdc1d00000,0x000000fdc1e00000) (1024K)]
  0x000002f6ff01ef30 JavaThread "pool-187-thread-1"                 [_thread_blocked, id=7880, stack(0x000000fdc7f00000,0x000000fdc8000000) (1024K)]
  0x000002f6fd836ce0 JavaThread "pool-190-thread-1"                 [_thread_blocked, id=13848, stack(0x000000fdc6e00000,0x000000fdc6f00000) (1024K)]
  0x000002f6fe9728f0 JavaThread "pool-194-thread-1"                 [_thread_blocked, id=9524, stack(0x000000fdc6f00000,0x000000fdc7000000) (1024K)]
  0x000002f6f6bcf710 JavaThread "pool-197-thread-1"                 [_thread_blocked, id=1792, stack(0x000000fdc6d00000,0x000000fdc6e00000) (1024K)]
  0x000002f6feb2a480 JavaThread "pool-200-thread-1"                 [_thread_blocked, id=3612, stack(0x000000fdc6c00000,0x000000fdc6d00000) (1024K)]
  0x000002f6fdc961a0 JavaThread "pool-205-thread-1"                 [_thread_blocked, id=11400, stack(0x000000fdc7100000,0x000000fdc7200000) (1024K)]
  0x000002f6fee8b8e0 JavaThread "pool-209-thread-1"                 [_thread_blocked, id=8504, stack(0x000000fdc7200000,0x000000fdc7300000) (1024K)]
  0x000002f6fd658c40 JavaThread "pool-213-thread-1"                 [_thread_blocked, id=10580, stack(0x000000fdc7000000,0x000000fdc7100000) (1024K)]
  0x000002f6851c2bc0 JavaThread "pool-217-thread-1"                 [_thread_blocked, id=13552, stack(0x000000fdc7300000,0x000000fdc7400000) (1024K)]
  0x000002f6f2d7c7a0 JavaThread "pool-222-thread-1"                 [_thread_blocked, id=6676, stack(0x000000fdc7500000,0x000000fdc7600000) (1024K)]
  0x000002f6e9898ad0 JavaThread "pool-226-thread-1"                 [_thread_blocked, id=3568, stack(0x000000fdc7400000,0x000000fdc7500000) (1024K)]
  0x000002f6f84629e0 JavaThread "pool-230-thread-1"                 [_thread_blocked, id=13048, stack(0x000000fdc7700000,0x000000fdc7800000) (1024K)]
  0x000002f6f2c0b140 JavaThread "pool-233-thread-1"                 [_thread_blocked, id=13520, stack(0x000000fdc7600000,0x000000fdc7700000) (1024K)]
  0x000002f6f2d7d4c0 JavaThread "pool-237-thread-1"                 [_thread_blocked, id=6472, stack(0x000000fdc7800000,0x000000fdc7900000) (1024K)]
  0x000002f6f6f876c0 JavaThread "pool-240-thread-1"                 [_thread_blocked, id=7864, stack(0x000000fdc7900000,0x000000fdc7a00000) (1024K)]
  0x000002f6f6bcd640 JavaThread "pool-243-thread-1"                 [_thread_blocked, id=1432, stack(0x000000fdc7c00000,0x000000fdc7d00000) (1024K)]
  0x000002f6e9bca4c0 JavaThread "pool-246-thread-1"                 [_thread_blocked, id=13784, stack(0x000000fdc7a00000,0x000000fdc7b00000) (1024K)]
  0x000002f6f4bbf120 JavaThread "pool-249-thread-1"                 [_thread_blocked, id=8252, stack(0x000000fdc7b00000,0x000000fdc7c00000) (1024K)]
  0x000002f6f5ddf340 JavaThread "pool-252-thread-1"                 [_thread_blocked, id=6704, stack(0x000000fdc7d00000,0x000000fdc7e00000) (1024K)]
  0x000002f6f45a10c0 JavaThread "pool-255-thread-1"                 [_thread_blocked, id=7444, stack(0x000000fdc8100000,0x000000fdc8200000) (1024K)]
  0x000002f6fe970190 JavaThread "pool-258-thread-1"                 [_thread_blocked, id=8516, stack(0x000000fdc8000000,0x000000fdc8100000) (1024K)]
  0x000002f6f459dc40 JavaThread "pool-261-thread-1"                 [_thread_blocked, id=4204, stack(0x000000fdc7e00000,0x000000fdc7f00000) (1024K)]
  0x000002f6f45a2470 JavaThread "pool-264-thread-1"                 [_thread_blocked, id=3060, stack(0x000000fdc8200000,0x000000fdc8300000) (1024K)]
  0x000002f6fd657f20 JavaThread "pool-267-thread-1"                 [_thread_blocked, id=14108, stack(0x000000fdc8300000,0x000000fdc8400000) (1024K)]
  0x000002f6f459e960 JavaThread "pool-270-thread-1"                 [_thread_blocked, id=4456, stack(0x000000fdc8400000,0x000000fdc8500000) (1024K)]
  0x000002f6f2d7b3f0 JavaThread "pool-274-thread-1"                 [_thread_blocked, id=12380, stack(0x000000fdc8600000,0x000000fdc8700000) (1024K)]
  0x000002f6fd65a680 JavaThread "pool-278-thread-1"                 [_thread_blocked, id=2936, stack(0x000000fdc8700000,0x000000fdc8800000) (1024K)]
  0x000002f6851c3f70 JavaThread "pool-282-thread-1"                 [_thread_blocked, id=3724, stack(0x000000fdc8800000,0x000000fdc8900000) (1024K)]
  0x000002f6fecb1120 JavaThread "pool-285-thread-1"                 [_thread_blocked, id=4612, stack(0x000000fdc8900000,0x000000fdc8a00000) (1024K)]
  0x000002f6f8463d90 JavaThread "pool-288-thread-1"                 [_thread_blocked, id=7392, stack(0x000000fdc8c00000,0x000000fdc8d00000) (1024K)]
  0x000002f6f4107530 JavaThread "pool-291-thread-1"                 [_thread_blocked, id=12860, stack(0x000000fdc8a00000,0x000000fdc8b00000) (1024K)]
  0x000002f6fd65ba30 JavaThread "pool-294-thread-1"                 [_thread_blocked, id=436, stack(0x000000fdc8e00000,0x000000fdc8f00000) (1024K)]
  0x000002f6f45a3190 JavaThread "pool-297-thread-1"                 [_thread_blocked, id=592, stack(0x000000fdc8b00000,0x000000fdc8c00000) (1024K)]
  0x000002f687b34e00 JavaThread "pool-301-thread-1"                 [_thread_blocked, id=1956, stack(0x000000fdc8d00000,0x000000fdc8e00000) (1024K)]
  0x000002f6e9bc7d60 JavaThread "pool-305-thread-1"                 [_thread_blocked, id=10788, stack(0x000000fdc8f00000,0x000000fdc9000000) (1024K)]
  0x000002f6f77c9150 JavaThread "pool-309-thread-1"                 [_thread_blocked, id=13416, stack(0x000000fdc9000000,0x000000fdc9100000) (1024K)]
  0x000002f6fdc19fd0 JavaThread "pool-312-thread-1"                 [_thread_blocked, id=10884, stack(0x000000fdc9100000,0x000000fdc9200000) (1024K)]
  0x000002f6f459cf20 JavaThread "pool-316-thread-1"                 [_thread_blocked, id=9888, stack(0x000000fdc9200000,0x000000fdc9300000) (1024K)]
  0x000002f6fecb0400 JavaThread "pool-319-thread-1"                 [_thread_blocked, id=12816, stack(0x000000fdc9300000,0x000000fdc9400000) (1024K)]
  0x000002f6f459eff0 JavaThread "pool-322-thread-1"                 [_thread_blocked, id=2304, stack(0x000000fdc9400000,0x000000fdc9500000) (1024K)]
  0x000002f6851c1810 JavaThread "pool-326-thread-1"                 [_thread_blocked, id=5632, stack(0x000000fdc9500000,0x000000fdc9600000) (1024K)]
  0x000002f6fe970eb0 JavaThread "pool-330-thread-1"                 [_thread_blocked, id=11808, stack(0x000000fdc9600000,0x000000fdc9700000) (1024K)]
  0x000002f6fe9c9f50 JavaThread "pool-334-thread-1"                 [_thread_blocked, id=3708, stack(0x000000fdc9700000,0x000000fdc9800000) (1024K)]
  0x000002f6fe970820 JavaThread "pool-338-thread-1"                 [_thread_blocked, id=14140, stack(0x000000fdc9800000,0x000000fdc9900000) (1024K)]
  0x000002f6f459d5b0 JavaThread "pool-342-thread-1"                 [_thread_blocked, id=13316, stack(0x000000fdc9900000,0x000000fdc9a00000) (1024K)]
  0x000002f6fd655e50 JavaThread "pool-345-thread-1"                 [_thread_blocked, id=2180, stack(0x000000fdc9a00000,0x000000fdc9b00000) (1024K)]
  0x000002f6f77c9e70 JavaThread "pool-348-thread-1"                 [_thread_blocked, id=11868, stack(0x000000fdc9b00000,0x000000fdc9c00000) (1024K)]
  0x000002f6f854d130 JavaThread "pool-351-thread-1"                 [_thread_blocked, id=10840, stack(0x000000fdc9c00000,0x000000fdc9d00000) (1024K)]
  0x000002f6fd85b500 JavaThread "pool-354-thread-1"                 [_thread_blocked, id=7664, stack(0x000000fdca000000,0x000000fdca100000) (1024K)]
  0x000002f6f45a1de0 JavaThread "pool-357-thread-1"                 [_thread_blocked, id=6128, stack(0x000000fdca100000,0x000000fdca200000) (1024K)]
  0x000002f6fd85d5d0 JavaThread "pool-361-thread-1"                 [_thread_blocked, id=6956, stack(0x000000fdc9e00000,0x000000fdc9f00000) (1024K)]
  0x000002f6fdc95480 JavaThread "pool-365-thread-1"                 [_thread_blocked, id=7936, stack(0x000000fdc9d00000,0x000000fdc9e00000) (1024K)]
  0x000002f6fd835930 JavaThread "pool-369-thread-1"                 [_thread_blocked, id=3372, stack(0x000000fdc9f00000,0x000000fdca000000) (1024K)]
  0x000002f6f5ddd270 JavaThread "pool-373-thread-1"                 [_thread_blocked, id=3704, stack(0x000000fdca200000,0x000000fdca300000) (1024K)]
  0x000002f6e9bc76d0 JavaThread "pool-377-thread-1"                 [_thread_blocked, id=6596, stack(0x000000fdca300000,0x000000fdca400000) (1024K)]
  0x000002f685e49e10 JavaThread "pool-381-thread-1"                 [_thread_blocked, id=2868, stack(0x000000fdca400000,0x000000fdca500000) (1024K)]
  0x000002f6f6bcdcd0 JavaThread "pool-384-thread-1"                 [_thread_blocked, id=2708, stack(0x000000fdca500000,0x000000fdca600000) (1024K)]
  0x000002f6fd85a7e0 JavaThread "pool-388-thread-1"                 [_thread_blocked, id=13656, stack(0x000000fdca600000,0x000000fdca700000) (1024K)]
  0x000002f6feb2bec0 JavaThread "pool-391-thread-1"                 [_thread_blocked, id=12912, stack(0x000000fdca900000,0x000000fdcaa00000) (1024K)]
  0x000002f6f7f7ca80 JavaThread "Daemon Thread 104"                 [_thread_blocked, id=11204, stack(0x000000fdbef00000,0x000000fdbf000000) (1024K)]
  0x000002f6fd836650 JavaThread "Handler for socket connection from /127.0.0.1:50103 to /127.0.0.1:54450"        [_thread_in_native, id=13792, stack(0x000000fdbf000000,0x000000fdbf100000) (1024K)]
  0x000002f6fd837370 JavaThread "Cancel handler"                    [_thread_blocked, id=10116, stack(0x000000fdbf100000,0x000000fdbf200000) (1024K)]
=>0x000002f6fd838720 JavaThread "Daemon worker Thread 104"          [_thread_in_Java, id=3396, stack(0x000000fdc0400000,0x000000fdc0500000) (1024K)]
  0x000002f6f7f7b040 JavaThread "Asynchronous log dispatcher for DefaultDaemonConnection: socket connection from /127.0.0.1:50103 to /127.0.0.1:54450"        [_thread_blocked, id=4804, stack(0x000000fdc0e00000,0x000000fdc0f00000) (1024K)]
  0x000002f6f7f79c90 JavaThread "Stdin handler"                     [_thread_blocked, id=8940, stack(0x000000fdc0f00000,0x000000fdc1000000) (1024K)]
  0x000002f6f7f7b6d0 JavaThread "Daemon client event forwarder"        [_thread_blocked, id=13540, stack(0x000000fdc1000000,0x000000fdc1100000) (1024K)]
  0x000002f6f7f7d110 JavaThread "Cache worker for file hash cache (C:\Users\PC\AndroidStudioProjects\fefew\.gradle\8.11.1\fileHashes)"        [_thread_blocked, id=13696, stack(0x000000fdc1100000,0x000000fdc1200000) (1024K)]
  0x000002f6f7f7d7a0 JavaThread "Cache worker for Build Output Cleanup Cache (C:\Users\PC\AndroidStudioProjects\fefew\.gradle\buildOutputCleanup)"        [_thread_blocked, id=5596, stack(0x000000fdc1200000,0x000000fdc1300000) (1024K)]
  0x000002f6fdc192b0 JavaThread "Cache worker for checksums cache (C:\Users\PC\AndroidStudioProjects\fefew\.gradle\8.11.1\checksums)"        [_thread_blocked, id=10948, stack(0x000000fdc1300000,0x000000fdc1400000) (1024K)]
  0x000002f6fdc1ba10 JavaThread "Cache worker for cache directory md-rule (C:\Users\PC\.gradle\caches\8.11.1\md-rule)"        [_thread_blocked, id=13332, stack(0x000000fdc1400000,0x000000fdc1500000) (1024K)]
  0x000002f6fdc19940 JavaThread "Cache worker for cache directory md-supplier (C:\Users\PC\.gradle\caches\8.11.1\md-supplier)"        [_thread_blocked, id=8000, stack(0x000000fdc2000000,0x000000fdc2100000) (1024K)]
Total: 155

Other Threads:
  0x000002f6e929f220 VMThread "VM Thread"                           [id=13932, stack(0x000000fdbf900000,0x000000fdbfa00000) (1024K)] _threads_hazard_ptr=0x000002f6ff6e6b60
  0x000002f6e910ba30 WatcherThread "VM Periodic Task Thread"        [id=13716, stack(0x000000fdbf800000,0x000000fdbf900000) (1024K)]
  0x000002f6cf92d000 WorkerThread "GC Thread#0"                     [id=13908, stack(0x000000fdbf300000,0x000000fdbf400000) (1024K)]
  0x000002f6e9b14c80 WorkerThread "GC Thread#1"                     [id=13640, stack(0x000000fdc0600000,0x000000fdc0700000) (1024K)]
  0x000002f6e9b15020 WorkerThread "GC Thread#2"                     [id=956, stack(0x000000fdc0700000,0x000000fdc0800000) (1024K)]
  0x000002f6e9d74c20 WorkerThread "GC Thread#3"                     [id=13636, stack(0x000000fdc0800000,0x000000fdc0900000) (1024K)]
  0x000002f6e9d753c0 WorkerThread "GC Thread#4"                     [id=13628, stack(0x000000fdc0900000,0x000000fdc0a00000) (1024K)]
  0x000002f6f110db60 WorkerThread "GC Thread#5"                     [id=13624, stack(0x000000fdc0a00000,0x000000fdc0b00000) (1024K)]
  0x000002f6f236a3f0 WorkerThread "GC Thread#6"                     [id=13608, stack(0x000000fdc0500000,0x000000fdc0600000) (1024K)]
  0x000002f6f2443400 WorkerThread "GC Thread#7"                     [id=13924, stack(0x000000fdc1500000,0x000000fdc1600000) (1024K)]
  0x000002f6cf92e030 ConcurrentGCThread "G1 Main Marker"            [id=13884, stack(0x000000fdbf400000,0x000000fdbf500000) (1024K)]
  0x000002f6cf92ea40 WorkerThread "G1 Conc#0"                       [id=13920, stack(0x000000fdbf500000,0x000000fdbf600000) (1024K)]
  0x000002f6f2442580 WorkerThread "G1 Conc#1"                       [id=13896, stack(0x000000fdc1600000,0x000000fdc1700000) (1024K)]
  0x000002f6d1ade950 ConcurrentGCThread "G1 Refine#0"               [id=13544, stack(0x000000fdbf600000,0x000000fdbf700000) (1024K)]
  0x000002f6e8fe37d0 ConcurrentGCThread "G1 Service"                [id=13700, stack(0x000000fdbf700000,0x000000fdbf800000) (1024K)]
Total: 15

Threads with active compile tasks:
Total: 0

VM state: synchronizing (normal execution)

VM Mutex/Monitor currently owned by a thread:  ([mutex/lock_event])
[0x00007ffeca7fe3a0] Threads_lock - owner thread: 0x000002f6e929f220

Heap address: 0x0000000080000000, size: 2048 MB, Compressed Oops mode: 32-bit

CDS archive(s) not mapped
Compressed class space mapped at: 0x0000000100000000-0x0000000140000000, reserved size: 1073741824
Narrow klass base: 0x0000000000000000, Narrow klass shift: 3, Narrow klass range: 0x140000000

GC Precious Log:
 CardTable entry size: 512
 Card Set container configuration: InlinePtr #cards 5 size 8 Array Of Cards #cards 12 size 40 Howl #buckets 4 coarsen threshold 1843 Howl Bitmap #cards 512 size 80 coarsen threshold 460 Card regions per heap region 1 cards per card region 2048
 CPUs: 8 total, 8 available
 Memory: 16335M
 Large Page Support: Disabled
 NUMA Support: Disabled
 Compressed Oops: Enabled (32-bit)
 Heap Region Size: 1M
 Heap Min Capacity: 8M
 Heap Initial Capacity: 256M
 Heap Max Capacity: 2G
 Pre-touch: Disabled
 Parallel Workers: 8
 Concurrent Workers: 2
 Concurrent Refinement Workers: 8
 Periodic GC: Disabled

Heap:
 garbage-first heap   total 491520K, used 229373K [0x0000000080000000, 0x0000000100000000)
  region size 1024K, 31 young (31744K), 3 survivors (3072K)
 Metaspace       used 200588K, committed 202624K, reserved 1245184K
  class space    used 24526K, committed 25536K, reserved 1048576K

Heap Regions: E=young(eden), S=young(survivor), O=old, HS=humongous(starts), HC=humongous(continues), CS=collection set, F=free, TAMS=top-at-mark-start, PB=parsable bottom
|   0|0x0000000080000000, 0x0000000080100000, 0x0000000080100000|100%| O|  |TAMS 0x0000000080000000| PB 0x0000000080000000| Untracked 
|   1|0x0000000080100000, 0x0000000080200000, 0x0000000080200000|100%|HS|  |TAMS 0x0000000080100000| PB 0x0000000080100000| Complete 
|   2|0x0000000080200000, 0x0000000080300000, 0x0000000080300000|100%|HC|  |TAMS 0x0000000080200000| PB 0x0000000080200000| Complete 
|   3|0x0000000080300000, 0x0000000080400000, 0x0000000080400000|100%|HC|  |TAMS 0x0000000080300000| PB 0x0000000080300000| Complete 
|   4|0x0000000080400000, 0x0000000080500000, 0x0000000080500000|100%| O|  |TAMS 0x0000000080400000| PB 0x0000000080400000| Untracked 
|   5|0x0000000080500000, 0x0000000080600000, 0x0000000080600000|100%| O|  |TAMS 0x0000000080500000| PB 0x0000000080500000| Untracked 
|   6|0x0000000080600000, 0x0000000080700000, 0x0000000080700000|100%| O|  |TAMS 0x0000000080600000| PB 0x0000000080600000| Untracked 
|   7|0x0000000080700000, 0x0000000080800000, 0x0000000080800000|100%|HS|  |TAMS 0x0000000080700000| PB 0x0000000080700000| Complete 
|   8|0x0000000080800000, 0x0000000080900000, 0x0000000080900000|100%| O|  |TAMS 0x0000000080800000| PB 0x0000000080800000| Untracked 
|   9|0x0000000080900000, 0x0000000080a00000, 0x0000000080a00000|100%| O|  |TAMS 0x0000000080900000| PB 0x0000000080900000| Untracked 
|  10|0x0000000080a00000, 0x0000000080b00000, 0x0000000080b00000|100%| O|  |TAMS 0x0000000080a00000| PB 0x0000000080a00000| Untracked 
|  11|0x0000000080b00000, 0x0000000080c00000, 0x0000000080c00000|100%| O|  |TAMS 0x0000000080b00000| PB 0x0000000080b00000| Untracked 
|  12|0x0000000080c00000, 0x0000000080d00000, 0x0000000080d00000|100%| O|  |TAMS 0x0000000080c00000| PB 0x0000000080c00000| Untracked 
|  13|0x0000000080d00000, 0x0000000080e00000, 0x0000000080e00000|100%| O|  |TAMS 0x0000000080d00000| PB 0x0000000080d00000| Untracked 
|  14|0x0000000080e00000, 0x0000000080f00000, 0x0000000080f00000|100%| O|  |TAMS 0x0000000080e00000| PB 0x0000000080e00000| Untracked 
|  15|0x0000000080f00000, 0x0000000081000000, 0x0000000081000000|100%| O|  |TAMS 0x0000000080f00000| PB 0x0000000080f00000| Untracked 
|  16|0x0000000081000000, 0x0000000081100000, 0x0000000081100000|100%| O|  |TAMS 0x0000000081000000| PB 0x0000000081000000| Untracked 
|  17|0x0000000081100000, 0x0000000081200000, 0x0000000081200000|100%| O|  |TAMS 0x0000000081100000| PB 0x0000000081100000| Untracked 
|  18|0x0000000081200000, 0x0000000081300000, 0x0000000081300000|100%| O|  |TAMS 0x0000000081200000| PB 0x0000000081200000| Untracked 
|  19|0x0000000081300000, 0x0000000081400000, 0x0000000081400000|100%| O|  |TAMS 0x0000000081300000| PB 0x0000000081300000| Untracked 
|  20|0x0000000081400000, 0x0000000081500000, 0x0000000081500000|100%| O|  |TAMS 0x0000000081400000| PB 0x0000000081400000| Untracked 
|  21|0x0000000081500000, 0x0000000081600000, 0x0000000081600000|100%| O|  |TAMS 0x0000000081500000| PB 0x0000000081500000| Untracked 
|  22|0x0000000081600000, 0x0000000081700000, 0x0000000081700000|100%| O|  |TAMS 0x0000000081600000| PB 0x0000000081600000| Untracked 
|  23|0x0000000081700000, 0x0000000081800000, 0x0000000081800000|100%| O|  |TAMS 0x0000000081700000| PB 0x0000000081700000| Untracked 
|  24|0x0000000081800000, 0x0000000081900000, 0x0000000081900000|100%| O|  |TAMS 0x0000000081800000| PB 0x0000000081800000| Untracked 
|  25|0x0000000081900000, 0x0000000081a00000, 0x0000000081a00000|100%| O|  |TAMS 0x0000000081900000| PB 0x0000000081900000| Untracked 
|  26|0x0000000081a00000, 0x0000000081b00000, 0x0000000081b00000|100%| O|  |TAMS 0x0000000081a00000| PB 0x0000000081a00000| Untracked 
|  27|0x0000000081b00000, 0x0000000081c00000, 0x0000000081c00000|100%| O|  |TAMS 0x0000000081b00000| PB 0x0000000081b00000| Untracked 
|  28|0x0000000081c00000, 0x0000000081d00000, 0x0000000081d00000|100%| O|  |TAMS 0x0000000081c00000| PB 0x0000000081c00000| Untracked 
|  29|0x0000000081d00000, 0x0000000081e00000, 0x0000000081e00000|100%| O|  |TAMS 0x0000000081d00000| PB 0x0000000081d00000| Untracked 
|  30|0x0000000081e00000, 0x0000000081f00000, 0x0000000081f00000|100%| O|  |TAMS 0x0000000081e00000| PB 0x0000000081e00000| Untracked 
|  31|0x0000000081f00000, 0x0000000082000000, 0x0000000082000000|100%| O|  |TAMS 0x0000000081f00000| PB 0x0000000081f00000| Untracked 
|  32|0x0000000082000000, 0x0000000082100000, 0x0000000082100000|100%| O|  |TAMS 0x0000000082000000| PB 0x0000000082000000| Untracked 
|  33|0x0000000082100000, 0x0000000082200000, 0x0000000082200000|100%| O|  |TAMS 0x0000000082100000| PB 0x0000000082100000| Untracked 
|  34|0x0000000082200000, 0x0000000082300000, 0x0000000082300000|100%| O|  |TAMS 0x0000000082200000| PB 0x0000000082200000| Untracked 
|  35|0x0000000082300000, 0x0000000082400000, 0x0000000082400000|100%| O|  |TAMS 0x0000000082300000| PB 0x0000000082300000| Untracked 
|  36|0x0000000082400000, 0x0000000082500000, 0x0000000082500000|100%| O|  |TAMS 0x0000000082400000| PB 0x0000000082400000| Untracked 
|  37|0x0000000082500000, 0x0000000082600000, 0x0000000082600000|100%| O|  |TAMS 0x0000000082500000| PB 0x0000000082500000| Untracked 
|  38|0x0000000082600000, 0x0000000082700000, 0x0000000082700000|100%| O|  |TAMS 0x0000000082600000| PB 0x0000000082600000| Untracked 
|  39|0x0000000082700000, 0x0000000082800000, 0x0000000082800000|100%| O|  |TAMS 0x0000000082700000| PB 0x0000000082700000| Untracked 
|  40|0x0000000082800000, 0x0000000082900000, 0x0000000082900000|100%| O|  |TAMS 0x0000000082800000| PB 0x0000000082800000| Untracked 
|  41|0x0000000082900000, 0x0000000082a00000, 0x0000000082a00000|100%| O|  |TAMS 0x0000000082900000| PB 0x0000000082900000| Untracked 
|  42|0x0000000082a00000, 0x0000000082b00000, 0x0000000082b00000|100%| O|  |TAMS 0x0000000082a00000| PB 0x0000000082a00000| Untracked 
|  43|0x0000000082b00000, 0x0000000082c00000, 0x0000000082c00000|100%| O|  |TAMS 0x0000000082b00000| PB 0x0000000082b00000| Untracked 
|  44|0x0000000082c00000, 0x0000000082d00000, 0x0000000082d00000|100%| O|  |TAMS 0x0000000082c00000| PB 0x0000000082c00000| Untracked 
|  45|0x0000000082d00000, 0x0000000082e00000, 0x0000000082e00000|100%| O|  |TAMS 0x0000000082d00000| PB 0x0000000082d00000| Untracked 
|  46|0x0000000082e00000, 0x0000000082f00000, 0x0000000082f00000|100%| O|  |TAMS 0x0000000082e00000| PB 0x0000000082e00000| Untracked 
|  47|0x0000000082f00000, 0x0000000083000000, 0x0000000083000000|100%| O|  |TAMS 0x0000000082f00000| PB 0x0000000082f00000| Untracked 
|  48|0x0000000083000000, 0x0000000083100000, 0x0000000083100000|100%|HS|  |TAMS 0x0000000083000000| PB 0x0000000083000000| Complete 
|  49|0x0000000083100000, 0x0000000083200000, 0x0000000083200000|100%|HS|  |TAMS 0x0000000083100000| PB 0x0000000083100000| Complete 
|  50|0x0000000083200000, 0x0000000083300000, 0x0000000083300000|100%|HS|  |TAMS 0x0000000083200000| PB 0x0000000083200000| Complete 
|  51|0x0000000083300000, 0x0000000083400000, 0x0000000083400000|100%|HS|  |TAMS 0x0000000083300000| PB 0x0000000083300000| Complete 
|  52|0x0000000083400000, 0x0000000083500000, 0x0000000083500000|100%| O|  |TAMS 0x0000000083400000| PB 0x0000000083400000| Untracked 
|  53|0x0000000083500000, 0x0000000083600000, 0x0000000083600000|100%|HS|  |TAMS 0x0000000083500000| PB 0x0000000083500000| Complete 
|  54|0x0000000083600000, 0x0000000083700000, 0x0000000083700000|100%|HS|  |TAMS 0x0000000083600000| PB 0x0000000083600000| Complete 
|  55|0x0000000083700000, 0x0000000083800000, 0x0000000083800000|100%| O|  |TAMS 0x0000000083700000| PB 0x0000000083700000| Untracked 
|  56|0x0000000083800000, 0x0000000083900000, 0x0000000083900000|100%| O|  |TAMS 0x0000000083800000| PB 0x0000000083800000| Untracked 
|  57|0x0000000083900000, 0x0000000083a00000, 0x0000000083a00000|100%| O|  |TAMS 0x0000000083900000| PB 0x0000000083900000| Untracked 
|  58|0x0000000083a00000, 0x0000000083b00000, 0x0000000083b00000|100%| O|  |TAMS 0x0000000083a00000| PB 0x0000000083a00000| Untracked 
|  59|0x0000000083b00000, 0x0000000083c00000, 0x0000000083c00000|100%| O|  |TAMS 0x0000000083b00000| PB 0x0000000083b00000| Untracked 
|  60|0x0000000083c00000, 0x0000000083d00000, 0x0000000083d00000|100%| O|  |TAMS 0x0000000083c00000| PB 0x0000000083c00000| Untracked 
|  61|0x0000000083d00000, 0x0000000083e00000, 0x0000000083e00000|100%|HS|  |TAMS 0x0000000083d00000| PB 0x0000000083d00000| Complete 
|  62|0x0000000083e00000, 0x0000000083f00000, 0x0000000083f00000|100%| O|  |TAMS 0x0000000083e00000| PB 0x0000000083e00000| Untracked 
|  63|0x0000000083f00000, 0x0000000084000000, 0x0000000084000000|100%| O|  |TAMS 0x0000000083f00000| PB 0x0000000083f00000| Untracked 
|  64|0x0000000084000000, 0x0000000084100000, 0x0000000084100000|100%| O|  |TAMS 0x0000000084000000| PB 0x0000000084000000| Untracked 
|  65|0x0000000084100000, 0x0000000084200000, 0x0000000084200000|100%| O|  |TAMS 0x0000000084100000| PB 0x0000000084100000| Untracked 
|  66|0x0000000084200000, 0x0000000084300000, 0x0000000084300000|100%| O|  |TAMS 0x0000000084200000| PB 0x0000000084200000| Untracked 
|  67|0x0000000084300000, 0x0000000084400000, 0x0000000084400000|100%| O|  |TAMS 0x0000000084300000| PB 0x0000000084300000| Untracked 
|  68|0x0000000084400000, 0x0000000084500000, 0x0000000084500000|100%| O|  |TAMS 0x0000000084400000| PB 0x0000000084400000| Untracked 
|  69|0x0000000084500000, 0x0000000084600000, 0x0000000084600000|100%| O|  |TAMS 0x0000000084500000| PB 0x0000000084500000| Untracked 
|  70|0x0000000084600000, 0x0000000084700000, 0x0000000084700000|100%| O|  |TAMS 0x0000000084600000| PB 0x0000000084600000| Untracked 
|  71|0x0000000084700000, 0x0000000084800000, 0x0000000084800000|100%| O|  |TAMS 0x0000000084700000| PB 0x0000000084700000| Untracked 
|  72|0x0000000084800000, 0x0000000084900000, 0x0000000084900000|100%| O|  |TAMS 0x0000000084800000| PB 0x0000000084800000| Untracked 
|  73|0x0000000084900000, 0x0000000084a00000, 0x0000000084a00000|100%| O|  |TAMS 0x0000000084900000| PB 0x0000000084900000| Untracked 
|  74|0x0000000084a00000, 0x0000000084b00000, 0x0000000084b00000|100%| O|  |TAMS 0x0000000084a00000| PB 0x0000000084a00000| Untracked 
|  75|0x0000000084b00000, 0x0000000084c00000, 0x0000000084c00000|100%| O|  |TAMS 0x0000000084b00000| PB 0x0000000084b00000| Untracked 
|  76|0x0000000084c00000, 0x0000000084d00000, 0x0000000084d00000|100%| O|  |TAMS 0x0000000084c00000| PB 0x0000000084c00000| Untracked 
|  77|0x0000000084d00000, 0x0000000084e00000, 0x0000000084e00000|100%| O|  |TAMS 0x0000000084d00000| PB 0x0000000084d00000| Untracked 
|  78|0x0000000084e00000, 0x0000000084f00000, 0x0000000084f00000|100%| O|  |TAMS 0x0000000084e00000| PB 0x0000000084e00000| Untracked 
|  79|0x0000000084f00000, 0x0000000085000000, 0x0000000085000000|100%| O|  |TAMS 0x0000000084f00000| PB 0x0000000084f00000| Untracked 
|  80|0x0000000085000000, 0x0000000085100000, 0x0000000085100000|100%| O|  |TAMS 0x0000000085000000| PB 0x0000000085000000| Untracked 
|  81|0x0000000085100000, 0x0000000085200000, 0x0000000085200000|100%| O|  |TAMS 0x0000000085100000| PB 0x0000000085100000| Untracked 
|  82|0x0000000085200000, 0x0000000085300000, 0x0000000085300000|100%| O|  |TAMS 0x0000000085200000| PB 0x0000000085200000| Untracked 
|  83|0x0000000085300000, 0x0000000085400000, 0x0000000085400000|100%| O|  |TAMS 0x0000000085300000| PB 0x0000000085300000| Untracked 
|  84|0x0000000085400000, 0x0000000085500000, 0x0000000085500000|100%| O|  |TAMS 0x0000000085400000| PB 0x0000000085400000| Untracked 
|  85|0x0000000085500000, 0x0000000085600000, 0x0000000085600000|100%| O|  |TAMS 0x0000000085500000| PB 0x0000000085500000| Untracked 
|  86|0x0000000085600000, 0x0000000085700000, 0x0000000085700000|100%| O|  |TAMS 0x0000000085600000| PB 0x0000000085600000| Untracked 
|  87|0x0000000085700000, 0x0000000085800000, 0x0000000085800000|100%| O|  |TAMS 0x0000000085700000| PB 0x0000000085700000| Untracked 
|  88|0x0000000085800000, 0x0000000085900000, 0x0000000085900000|100%| O|  |TAMS 0x0000000085800000| PB 0x0000000085800000| Untracked 
|  89|0x0000000085900000, 0x0000000085a00000, 0x0000000085a00000|100%| O|  |TAMS 0x0000000085900000| PB 0x0000000085900000| Untracked 
|  90|0x0000000085a00000, 0x0000000085b00000, 0x0000000085b00000|100%| O|  |TAMS 0x0000000085a00000| PB 0x0000000085a00000| Untracked 
|  91|0x0000000085b00000, 0x0000000085c00000, 0x0000000085c00000|100%| O|  |TAMS 0x0000000085b00000| PB 0x0000000085b00000| Untracked 
|  92|0x0000000085c00000, 0x0000000085d00000, 0x0000000085d00000|100%| O|  |TAMS 0x0000000085c00000| PB 0x0000000085c00000| Untracked 
|  93|0x0000000085d00000, 0x0000000085e00000, 0x0000000085e00000|100%| O|Cm|TAMS 0x0000000085d00000| PB 0x0000000085d00000| Complete 
|  94|0x0000000085e00000, 0x0000000085f00000, 0x0000000085f00000|100%| O|  |TAMS 0x0000000085e00000| PB 0x0000000085e00000| Untracked 
|  95|0x0000000085f00000, 0x0000000086000000, 0x0000000086000000|100%| O|  |TAMS 0x0000000085f00000| PB 0x0000000085f00000| Untracked 
|  96|0x0000000086000000, 0x0000000086100000, 0x0000000086100000|100%| O|  |TAMS 0x0000000086000000| PB 0x0000000086000000| Untracked 
|  97|0x0000000086100000, 0x0000000086200000, 0x0000000086200000|100%| O|  |TAMS 0x0000000086100000| PB 0x0000000086100000| Untracked 
|  98|0x0000000086200000, 0x0000000086300000, 0x0000000086300000|100%| O|  |TAMS 0x0000000086200000| PB 0x0000000086200000| Untracked 
|  99|0x0000000086300000, 0x0000000086400000, 0x0000000086400000|100%|HS|  |TAMS 0x0000000086300000| PB 0x0000000086300000| Complete 
| 100|0x0000000086400000, 0x0000000086500000, 0x0000000086500000|100%| O|  |TAMS 0x0000000086400000| PB 0x0000000086400000| Untracked 
| 101|0x0000000086500000, 0x0000000086600000, 0x0000000086600000|100%| O|  |TAMS 0x0000000086500000| PB 0x0000000086500000| Untracked 
| 102|0x0000000086600000, 0x0000000086700000, 0x0000000086700000|100%| O|  |TAMS 0x0000000086600000| PB 0x0000000086600000| Untracked 
| 103|0x0000000086700000, 0x0000000086800000, 0x0000000086800000|100%| O|  |TAMS 0x0000000086700000| PB 0x0000000086700000| Untracked 
| 104|0x0000000086800000, 0x0000000086900000, 0x0000000086900000|100%| O|  |TAMS 0x0000000086800000| PB 0x0000000086800000| Untracked 
| 105|0x0000000086900000, 0x0000000086a00000, 0x0000000086a00000|100%| O|  |TAMS 0x0000000086900000| PB 0x0000000086900000| Untracked 
| 106|0x0000000086a00000, 0x0000000086aff500, 0x0000000086b00000| 99%| O|  |TAMS 0x0000000086a00000| PB 0x0000000086a00000| Untracked 
| 107|0x0000000086b00000, 0x0000000086c00000, 0x0000000086c00000|100%| O|  |TAMS 0x0000000086b00000| PB 0x0000000086b00000| Untracked 
| 108|0x0000000086c00000, 0x0000000086d00000, 0x0000000086d00000|100%|HS|  |TAMS 0x0000000086c00000| PB 0x0000000086c00000| Complete 
| 109|0x0000000086d00000, 0x0000000086e00000, 0x0000000086e00000|100%|HC|  |TAMS 0x0000000086d00000| PB 0x0000000086d00000| Complete 
| 110|0x0000000086e00000, 0x0000000086f00000, 0x0000000086f00000|100%| O|  |TAMS 0x0000000086e00000| PB 0x0000000086e00000| Untracked 
| 111|0x0000000086f00000, 0x0000000087000000, 0x0000000087000000|100%|HS|  |TAMS 0x0000000086f00000| PB 0x0000000086f00000| Complete 
| 112|0x0000000087000000, 0x0000000087100000, 0x0000000087100000|100%|HC|  |TAMS 0x0000000087000000| PB 0x0000000087000000| Complete 
| 113|0x0000000087100000, 0x0000000087200000, 0x0000000087200000|100%|HS|  |TAMS 0x0000000087100000| PB 0x0000000087100000| Complete 
| 114|0x0000000087200000, 0x0000000087300000, 0x0000000087300000|100%| O|  |TAMS 0x0000000087200000| PB 0x0000000087200000| Untracked 
| 115|0x0000000087300000, 0x0000000087400000, 0x0000000087400000|100%|HS|  |TAMS 0x0000000087300000| PB 0x0000000087300000| Complete 
| 116|0x0000000087400000, 0x0000000087500000, 0x0000000087500000|100%|HC|  |TAMS 0x0000000087400000| PB 0x0000000087400000| Complete 
| 117|0x0000000087500000, 0x0000000087600000, 0x0000000087600000|100%| O|Cm|TAMS 0x0000000087500000| PB 0x0000000087500000| Complete 
| 118|0x0000000087600000, 0x0000000087700000, 0x0000000087700000|100%| O|Cm|TAMS 0x0000000087600000| PB 0x0000000087600000| Complete 
| 119|0x0000000087700000, 0x0000000087800000, 0x0000000087800000|100%| O|  |TAMS 0x0000000087700000| PB 0x0000000087700000| Untracked 
| 120|0x0000000087800000, 0x0000000087900000, 0x0000000087900000|100%| O|  |TAMS 0x0000000087800000| PB 0x0000000087800000| Untracked 
| 121|0x0000000087900000, 0x0000000087a00000, 0x0000000087a00000|100%| O|  |TAMS 0x0000000087900000| PB 0x0000000087900000| Untracked 
| 122|0x0000000087a00000, 0x0000000087b00000, 0x0000000087b00000|100%| O|Cm|TAMS 0x0000000087a00000| PB 0x0000000087a00000| Complete 
| 123|0x0000000087b00000, 0x0000000087b00000, 0x0000000087c00000|  0%| F|  |TAMS 0x0000000087b00000| PB 0x0000000087b00000| Untracked 
| 124|0x0000000087c00000, 0x0000000087d00000, 0x0000000087d00000|100%| O|Cm|TAMS 0x0000000087c00000| PB 0x0000000087c00000| Complete 
| 125|0x0000000087d00000, 0x0000000087e00000, 0x0000000087e00000|100%| O|  |TAMS 0x0000000087d00000| PB 0x0000000087d00000| Untracked 
| 126|0x0000000087e00000, 0x0000000087f00000, 0x0000000087f00000|100%| O|  |TAMS 0x0000000087e00000| PB 0x0000000087e00000| Untracked 
| 127|0x0000000087f00000, 0x0000000088000000, 0x0000000088000000|100%| O|  |TAMS 0x0000000087f00000| PB 0x0000000087f00000| Untracked 
| 128|0x0000000088000000, 0x0000000088100000, 0x0000000088100000|100%|HS|  |TAMS 0x0000000088000000| PB 0x0000000088000000| Complete 
| 129|0x0000000088100000, 0x0000000088200000, 0x0000000088200000|100%|HC|  |TAMS 0x0000000088100000| PB 0x0000000088100000| Complete 
| 130|0x0000000088200000, 0x0000000088300000, 0x0000000088300000|100%| O|  |TAMS 0x0000000088200000| PB 0x0000000088200000| Untracked 
| 131|0x0000000088300000, 0x0000000088300000, 0x0000000088400000|  0%| F|  |TAMS 0x0000000088300000| PB 0x0000000088300000| Untracked 
| 132|0x0000000088400000, 0x0000000088500000, 0x0000000088500000|100%| O|  |TAMS 0x0000000088400000| PB 0x0000000088400000| Untracked 
| 133|0x0000000088500000, 0x0000000088600000, 0x0000000088600000|100%| O|  |TAMS 0x0000000088500000| PB 0x0000000088500000| Untracked 
| 134|0x0000000088600000, 0x0000000088700000, 0x0000000088700000|100%| O|  |TAMS 0x0000000088600000| PB 0x0000000088600000| Untracked 
| 135|0x0000000088700000, 0x0000000088800000, 0x0000000088800000|100%| O|  |TAMS 0x0000000088700000| PB 0x0000000088700000| Untracked 
| 136|0x0000000088800000, 0x0000000088900000, 0x0000000088900000|100%| O|Cm|TAMS 0x0000000088800000| PB 0x0000000088800000| Complete 
| 137|0x0000000088900000, 0x0000000088a00000, 0x0000000088a00000|100%| O|  |TAMS 0x0000000088900000| PB 0x0000000088900000| Untracked 
| 138|0x0000000088a00000, 0x0000000088b00000, 0x0000000088b00000|100%|HS|  |TAMS 0x0000000088a00000| PB 0x0000000088a00000| Complete 
| 139|0x0000000088b00000, 0x0000000088c00000, 0x0000000088c00000|100%|HC|  |TAMS 0x0000000088b00000| PB 0x0000000088b00000| Complete 
| 140|0x0000000088c00000, 0x0000000088c00000, 0x0000000088d00000|  0%| F|  |TAMS 0x0000000088c00000| PB 0x0000000088c00000| Untracked 
| 141|0x0000000088d00000, 0x0000000088e00000, 0x0000000088e00000|100%| O|  |TAMS 0x0000000088d00000| PB 0x0000000088d00000| Untracked 
| 142|0x0000000088e00000, 0x0000000088f00000, 0x0000000088f00000|100%|HS|  |TAMS 0x0000000088e00000| PB 0x0000000088e00000| Complete 
| 143|0x0000000088f00000, 0x0000000089000000, 0x0000000089000000|100%|HC|  |TAMS 0x0000000088f00000| PB 0x0000000088f00000| Complete 
| 144|0x0000000089000000, 0x0000000089100000, 0x0000000089100000|100%|HS|  |TAMS 0x0000000089000000| PB 0x0000000089000000| Complete 
| 145|0x0000000089100000, 0x0000000089200000, 0x0000000089200000|100%|HC|  |TAMS 0x0000000089100000| PB 0x0000000089100000| Complete 
| 146|0x0000000089200000, 0x0000000089300000, 0x0000000089300000|100%| O|  |TAMS 0x0000000089200000| PB 0x0000000089200000| Untracked 
| 147|0x0000000089300000, 0x0000000089400000, 0x0000000089400000|100%|HS|  |TAMS 0x0000000089300000| PB 0x0000000089300000| Complete 
| 148|0x0000000089400000, 0x0000000089500000, 0x0000000089500000|100%|HC|  |TAMS 0x0000000089400000| PB 0x0000000089400000| Complete 
| 149|0x0000000089500000, 0x0000000089600000, 0x0000000089600000|100%|HS|  |TAMS 0x0000000089500000| PB 0x0000000089500000| Complete 
| 150|0x0000000089600000, 0x0000000089700000, 0x0000000089700000|100%| O|  |TAMS 0x0000000089600000| PB 0x0000000089600000| Untracked 
| 151|0x0000000089700000, 0x0000000089800000, 0x0000000089800000|100%| O|  |TAMS 0x0000000089700000| PB 0x0000000089700000| Untracked 
| 152|0x0000000089800000, 0x0000000089900000, 0x0000000089900000|100%|HS|  |TAMS 0x0000000089800000| PB 0x0000000089800000| Complete 
| 153|0x0000000089900000, 0x0000000089a00000, 0x0000000089a00000|100%|HC|  |TAMS 0x0000000089900000| PB 0x0000000089900000| Complete 
| 154|0x0000000089a00000, 0x0000000089b00000, 0x0000000089b00000|100%|HC|  |TAMS 0x0000000089a00000| PB 0x0000000089a00000| Complete 
| 155|0x0000000089b00000, 0x0000000089c00000, 0x0000000089c00000|100%|HC|  |TAMS 0x0000000089b00000| PB 0x0000000089b00000| Complete 
| 156|0x0000000089c00000, 0x0000000089d00000, 0x0000000089d00000|100%|HC|  |TAMS 0x0000000089c00000| PB 0x0000000089c00000| Complete 
| 157|0x0000000089d00000, 0x0000000089e00000, 0x0000000089e00000|100%|HC|  |TAMS 0x0000000089d00000| PB 0x0000000089d00000| Complete 
| 158|0x0000000089e00000, 0x0000000089f00000, 0x0000000089f00000|100%|HS|  |TAMS 0x0000000089e00000| PB 0x0000000089e00000| Complete 
| 159|0x0000000089f00000, 0x000000008a000000, 0x000000008a000000|100%|HC|  |TAMS 0x0000000089f00000| PB 0x0000000089f00000| Complete 
| 160|0x000000008a000000, 0x000000008a100000, 0x000000008a100000|100%| O|  |TAMS 0x000000008a000000| PB 0x000000008a000000| Untracked 
| 161|0x000000008a100000, 0x000000008a100000, 0x000000008a200000|  0%| F|  |TAMS 0x000000008a100000| PB 0x000000008a100000| Untracked 
| 162|0x000000008a200000, 0x000000008a200000, 0x000000008a300000|  0%| F|  |TAMS 0x000000008a200000| PB 0x000000008a200000| Untracked 
| 163|0x000000008a300000, 0x000000008a300000, 0x000000008a400000|  0%| F|  |TAMS 0x000000008a300000| PB 0x000000008a300000| Untracked 
| 164|0x000000008a400000, 0x000000008a400000, 0x000000008a500000|  0%| F|  |TAMS 0x000000008a400000| PB 0x000000008a400000| Untracked 
| 165|0x000000008a500000, 0x000000008a600000, 0x000000008a600000|100%| O|  |TAMS 0x000000008a500000| PB 0x000000008a500000| Untracked 
| 166|0x000000008a600000, 0x000000008a700000, 0x000000008a700000|100%|HS|  |TAMS 0x000000008a600000| PB 0x000000008a600000| Complete 
| 167|0x000000008a700000, 0x000000008a800000, 0x000000008a800000|100%|HC|  |TAMS 0x000000008a700000| PB 0x000000008a700000| Complete 
| 168|0x000000008a800000, 0x000000008a900000, 0x000000008a900000|100%| O|  |TAMS 0x000000008a800000| PB 0x000000008a800000| Untracked 
| 169|0x000000008a900000, 0x000000008a900000, 0x000000008aa00000|  0%| F|  |TAMS 0x000000008a900000| PB 0x000000008a900000| Untracked 
| 170|0x000000008aa00000, 0x000000008aa00000, 0x000000008ab00000|  0%| F|  |TAMS 0x000000008aa00000| PB 0x000000008aa00000| Untracked 
| 171|0x000000008ab00000, 0x000000008ac00000, 0x000000008ac00000|100%| O|  |TAMS 0x000000008ab00000| PB 0x000000008ab00000| Untracked 
| 172|0x000000008ac00000, 0x000000008ac00000, 0x000000008ad00000|  0%| F|  |TAMS 0x000000008ac00000| PB 0x000000008ac00000| Untracked 
| 173|0x000000008ad00000, 0x000000008ae00000, 0x000000008ae00000|100%|HS|  |TAMS 0x000000008ad00000| PB 0x000000008ad00000| Complete 
| 174|0x000000008ae00000, 0x000000008af00000, 0x000000008af00000|100%|HC|  |TAMS 0x000000008ae00000| PB 0x000000008ae00000| Complete 
| 175|0x000000008af00000, 0x000000008b000000, 0x000000008b000000|100%|HC|  |TAMS 0x000000008af00000| PB 0x000000008af00000| Complete 
| 176|0x000000008b000000, 0x000000008b100000, 0x000000008b100000|100%|HC|  |TAMS 0x000000008b000000| PB 0x000000008b000000| Complete 
| 177|0x000000008b100000, 0x000000008b200000, 0x000000008b200000|100%|HS|  |TAMS 0x000000008b100000| PB 0x000000008b100000| Complete 
| 178|0x000000008b200000, 0x000000008b300000, 0x000000008b300000|100%|HC|  |TAMS 0x000000008b200000| PB 0x000000008b200000| Complete 
| 179|0x000000008b300000, 0x000000008b400000, 0x000000008b400000|100%|HC|  |TAMS 0x000000008b300000| PB 0x000000008b300000| Complete 
| 180|0x000000008b400000, 0x000000008b500000, 0x000000008b500000|100%|HC|  |TAMS 0x000000008b400000| PB 0x000000008b400000| Complete 
| 181|0x000000008b500000, 0x000000008b600000, 0x000000008b600000|100%|HC|  |TAMS 0x000000008b500000| PB 0x000000008b500000| Complete 
| 182|0x000000008b600000, 0x000000008b700000, 0x000000008b700000|100%|HC|  |TAMS 0x000000008b600000| PB 0x000000008b600000| Complete 
| 183|0x000000008b700000, 0x000000008b800000, 0x000000008b800000|100%|HS|  |TAMS 0x000000008b700000| PB 0x000000008b700000| Complete 
| 184|0x000000008b800000, 0x000000008b900000, 0x000000008b900000|100%|HC|  |TAMS 0x000000008b800000| PB 0x000000008b800000| Complete 
| 185|0x000000008b900000, 0x000000008ba00000, 0x000000008ba00000|100%|HC|  |TAMS 0x000000008b900000| PB 0x000000008b900000| Complete 
| 186|0x000000008ba00000, 0x000000008bb00000, 0x000000008bb00000|100%|HC|  |TAMS 0x000000008ba00000| PB 0x000000008ba00000| Complete 
| 187|0x000000008bb00000, 0x000000008bc00000, 0x000000008bc00000|100%|HC|  |TAMS 0x000000008bb00000| PB 0x000000008bb00000| Complete 
| 188|0x000000008bc00000, 0x000000008bd00000, 0x000000008bd00000|100%|HC|  |TAMS 0x000000008bc00000| PB 0x000000008bc00000| Complete 
| 189|0x000000008bd00000, 0x000000008be00000, 0x000000008be00000|100%|HS|  |TAMS 0x000000008bd00000| PB 0x000000008bd00000| Complete 
| 190|0x000000008be00000, 0x000000008bf00000, 0x000000008bf00000|100%|HC|  |TAMS 0x000000008be00000| PB 0x000000008be00000| Complete 
| 191|0x000000008bf00000, 0x000000008c000000, 0x000000008c000000|100%|HS|  |TAMS 0x000000008bf00000| PB 0x000000008bf00000| Complete 
| 192|0x000000008c000000, 0x000000008c100000, 0x000000008c100000|100%|HC|  |TAMS 0x000000008c000000| PB 0x000000008c000000| Complete 
| 193|0x000000008c100000, 0x000000008c200000, 0x000000008c200000|100%|HC|  |TAMS 0x000000008c100000| PB 0x000000008c100000| Complete 
| 194|0x000000008c200000, 0x000000008c300000, 0x000000008c300000|100%|HC|  |TAMS 0x000000008c200000| PB 0x000000008c200000| Complete 
| 195|0x000000008c300000, 0x000000008c300000, 0x000000008c400000|  0%| F|  |TAMS 0x000000008c300000| PB 0x000000008c300000| Untracked 
| 196|0x000000008c400000, 0x000000008c400000, 0x000000008c500000|  0%| F|  |TAMS 0x000000008c400000| PB 0x000000008c400000| Untracked 
| 197|0x000000008c500000, 0x000000008c500000, 0x000000008c600000|  0%| F|  |TAMS 0x000000008c500000| PB 0x000000008c500000| Untracked 
| 198|0x000000008c600000, 0x000000008c700000, 0x000000008c700000|100%| O|  |TAMS 0x000000008c600000| PB 0x000000008c600000| Untracked 
| 199|0x000000008c700000, 0x000000008c800000, 0x000000008c800000|100%|HS|  |TAMS 0x000000008c700000| PB 0x000000008c700000| Complete 
| 200|0x000000008c800000, 0x000000008c900000, 0x000000008c900000|100%|HC|  |TAMS 0x000000008c800000| PB 0x000000008c800000| Complete 
| 201|0x000000008c900000, 0x000000008ca00000, 0x000000008ca00000|100%|HC|  |TAMS 0x000000008c900000| PB 0x000000008c900000| Complete 
| 202|0x000000008ca00000, 0x000000008cb00000, 0x000000008cb00000|100%|HC|  |TAMS 0x000000008ca00000| PB 0x000000008ca00000| Complete 
| 203|0x000000008cb00000, 0x000000008cc00000, 0x000000008cc00000|100%|HC|  |TAMS 0x000000008cb00000| PB 0x000000008cb00000| Complete 
| 204|0x000000008cc00000, 0x000000008cd00000, 0x000000008cd00000|100%|HC|  |TAMS 0x000000008cc00000| PB 0x000000008cc00000| Complete 
| 205|0x000000008cd00000, 0x000000008ce00000, 0x000000008ce00000|100%|HS|  |TAMS 0x000000008cd00000| PB 0x000000008cd00000| Complete 
| 206|0x000000008ce00000, 0x000000008cf00000, 0x000000008cf00000|100%|HC|  |TAMS 0x000000008ce00000| PB 0x000000008ce00000| Complete 
| 207|0x000000008cf00000, 0x000000008cf00000, 0x000000008d000000|  0%| F|  |TAMS 0x000000008cf00000| PB 0x000000008cf00000| Untracked 
| 208|0x000000008d000000, 0x000000008d000000, 0x000000008d100000|  0%| F|  |TAMS 0x000000008d000000| PB 0x000000008d000000| Untracked 
| 209|0x000000008d100000, 0x000000008d100000, 0x000000008d200000|  0%| F|  |TAMS 0x000000008d100000| PB 0x000000008d100000| Untracked 
| 210|0x000000008d200000, 0x000000008d200000, 0x000000008d300000|  0%| F|  |TAMS 0x000000008d200000| PB 0x000000008d200000| Untracked 
| 211|0x000000008d300000, 0x000000008d300000, 0x000000008d400000|  0%| F|  |TAMS 0x000000008d300000| PB 0x000000008d300000| Untracked 
| 212|0x000000008d400000, 0x000000008d400000, 0x000000008d500000|  0%| F|  |TAMS 0x000000008d400000| PB 0x000000008d400000| Untracked 
| 213|0x000000008d500000, 0x000000008d500000, 0x000000008d600000|  0%| F|  |TAMS 0x000000008d500000| PB 0x000000008d500000| Untracked 
| 214|0x000000008d600000, 0x000000008d600000, 0x000000008d700000|  0%| F|  |TAMS 0x000000008d600000| PB 0x000000008d600000| Untracked 
| 215|0x000000008d700000, 0x000000008d700000, 0x000000008d800000|  0%| F|  |TAMS 0x000000008d700000| PB 0x000000008d700000| Untracked 
| 216|0x000000008d800000, 0x000000008d800000, 0x000000008d900000|  0%| F|  |TAMS 0x000000008d800000| PB 0x000000008d800000| Untracked 
| 217|0x000000008d900000, 0x000000008d900000, 0x000000008da00000|  0%| F|  |TAMS 0x000000008d900000| PB 0x000000008d900000| Untracked 
| 218|0x000000008da00000, 0x000000008da00000, 0x000000008db00000|  0%| F|  |TAMS 0x000000008da00000| PB 0x000000008da00000| Untracked 
| 219|0x000000008db00000, 0x000000008db00000, 0x000000008dc00000|  0%| F|  |TAMS 0x000000008db00000| PB 0x000000008db00000| Untracked 
| 220|0x000000008dc00000, 0x000000008dc00000, 0x000000008dd00000|  0%| F|  |TAMS 0x000000008dc00000| PB 0x000000008dc00000| Untracked 
| 221|0x000000008dd00000, 0x000000008dd00000, 0x000000008de00000|  0%| F|  |TAMS 0x000000008dd00000| PB 0x000000008dd00000| Untracked 
| 222|0x000000008de00000, 0x000000008de00000, 0x000000008df00000|  0%| F|  |TAMS 0x000000008de00000| PB 0x000000008de00000| Untracked 
| 223|0x000000008df00000, 0x000000008df00000, 0x000000008e000000|  0%| F|  |TAMS 0x000000008df00000| PB 0x000000008df00000| Untracked 
| 224|0x000000008e000000, 0x000000008e000000, 0x000000008e100000|  0%| F|  |TAMS 0x000000008e000000| PB 0x000000008e000000| Untracked 
| 225|0x000000008e100000, 0x000000008e100000, 0x000000008e200000|  0%| F|  |TAMS 0x000000008e100000| PB 0x000000008e100000| Untracked 
| 226|0x000000008e200000, 0x000000008e200000, 0x000000008e300000|  0%| F|  |TAMS 0x000000008e200000| PB 0x000000008e200000| Untracked 
| 227|0x000000008e300000, 0x000000008e300000, 0x000000008e400000|  0%| F|  |TAMS 0x000000008e300000| PB 0x000000008e300000| Untracked 
| 228|0x000000008e400000, 0x000000008e400000, 0x000000008e500000|  0%| F|  |TAMS 0x000000008e400000| PB 0x000000008e400000| Untracked 
| 229|0x000000008e500000, 0x000000008e500000, 0x000000008e600000|  0%| F|  |TAMS 0x000000008e500000| PB 0x000000008e500000| Untracked 
| 230|0x000000008e600000, 0x000000008e600000, 0x000000008e700000|  0%| F|  |TAMS 0x000000008e600000| PB 0x000000008e600000| Untracked 
| 231|0x000000008e700000, 0x000000008e700000, 0x000000008e800000|  0%| F|  |TAMS 0x000000008e700000| PB 0x000000008e700000| Untracked 
| 232|0x000000008e800000, 0x000000008e800000, 0x000000008e900000|  0%| F|  |TAMS 0x000000008e800000| PB 0x000000008e800000| Untracked 
| 233|0x000000008e900000, 0x000000008e900000, 0x000000008ea00000|  0%| F|  |TAMS 0x000000008e900000| PB 0x000000008e900000| Untracked 
| 234|0x000000008ea00000, 0x000000008ea00000, 0x000000008eb00000|  0%| F|  |TAMS 0x000000008ea00000| PB 0x000000008ea00000| Untracked 
| 235|0x000000008eb00000, 0x000000008eb00000, 0x000000008ec00000|  0%| F|  |TAMS 0x000000008eb00000| PB 0x000000008eb00000| Untracked 
| 236|0x000000008ec00000, 0x000000008ec00000, 0x000000008ed00000|  0%| F|  |TAMS 0x000000008ec00000| PB 0x000000008ec00000| Untracked 
| 237|0x000000008ed00000, 0x000000008ed00000, 0x000000008ee00000|  0%| F|  |TAMS 0x000000008ed00000| PB 0x000000008ed00000| Untracked 
| 238|0x000000008ee00000, 0x000000008ee00000, 0x000000008ef00000|  0%| F|  |TAMS 0x000000008ee00000| PB 0x000000008ee00000| Untracked 
| 239|0x000000008ef00000, 0x000000008ef00000, 0x000000008f000000|  0%| F|  |TAMS 0x000000008ef00000| PB 0x000000008ef00000| Untracked 
| 240|0x000000008f000000, 0x000000008f000000, 0x000000008f100000|  0%| F|  |TAMS 0x000000008f000000| PB 0x000000008f000000| Untracked 
| 241|0x000000008f100000, 0x000000008f100000, 0x000000008f200000|  0%| F|  |TAMS 0x000000008f100000| PB 0x000000008f100000| Untracked 
| 242|0x000000008f200000, 0x000000008f200000, 0x000000008f300000|  0%| F|  |TAMS 0x000000008f200000| PB 0x000000008f200000| Untracked 
| 243|0x000000008f300000, 0x000000008f300000, 0x000000008f400000|  0%| F|  |TAMS 0x000000008f300000| PB 0x000000008f300000| Untracked 
| 244|0x000000008f400000, 0x000000008f400000, 0x000000008f500000|  0%| F|  |TAMS 0x000000008f400000| PB 0x000000008f400000| Untracked 
| 245|0x000000008f500000, 0x000000008f500000, 0x000000008f600000|  0%| F|  |TAMS 0x000000008f500000| PB 0x000000008f500000| Untracked 
| 246|0x000000008f600000, 0x000000008f600000, 0x000000008f700000|  0%| F|  |TAMS 0x000000008f600000| PB 0x000000008f600000| Untracked 
| 247|0x000000008f700000, 0x000000008f700000, 0x000000008f800000|  0%| F|  |TAMS 0x000000008f700000| PB 0x000000008f700000| Untracked 
| 248|0x000000008f800000, 0x000000008f800000, 0x000000008f900000|  0%| F|  |TAMS 0x000000008f800000| PB 0x000000008f800000| Untracked 
| 249|0x000000008f900000, 0x000000008f900000, 0x000000008fa00000|  0%| F|  |TAMS 0x000000008f900000| PB 0x000000008f900000| Untracked 
| 250|0x000000008fa00000, 0x000000008fa00000, 0x000000008fb00000|  0%| F|  |TAMS 0x000000008fa00000| PB 0x000000008fa00000| Untracked 
| 251|0x000000008fb00000, 0x000000008fb00000, 0x000000008fc00000|  0%| F|  |TAMS 0x000000008fb00000| PB 0x000000008fb00000| Untracked 
| 252|0x000000008fc00000, 0x000000008fc00000, 0x000000008fd00000|  0%| F|  |TAMS 0x000000008fc00000| PB 0x000000008fc00000| Untracked 
| 253|0x000000008fd00000, 0x000000008fd00000, 0x000000008fe00000|  0%| F|  |TAMS 0x000000008fd00000| PB 0x000000008fd00000| Untracked 
| 254|0x000000008fe00000, 0x000000008fe00000, 0x000000008ff00000|  0%| F|  |TAMS 0x000000008fe00000| PB 0x000000008fe00000| Untracked 
| 255|0x000000008ff00000, 0x000000008ff00000, 0x0000000090000000|  0%| F|  |TAMS 0x000000008ff00000| PB 0x000000008ff00000| Untracked 
| 256|0x0000000090000000, 0x0000000090000000, 0x0000000090100000|  0%| F|  |TAMS 0x0000000090000000| PB 0x0000000090000000| Untracked 
| 257|0x0000000090100000, 0x0000000090100000, 0x0000000090200000|  0%| F|  |TAMS 0x0000000090100000| PB 0x0000000090100000| Untracked 
| 258|0x0000000090200000, 0x0000000090200000, 0x0000000090300000|  0%| F|  |TAMS 0x0000000090200000| PB 0x0000000090200000| Untracked 
| 259|0x0000000090300000, 0x0000000090300000, 0x0000000090400000|  0%| F|  |TAMS 0x0000000090300000| PB 0x0000000090300000| Untracked 
| 260|0x0000000090400000, 0x0000000090400000, 0x0000000090500000|  0%| F|  |TAMS 0x0000000090400000| PB 0x0000000090400000| Untracked 
| 261|0x0000000090500000, 0x0000000090500000, 0x0000000090600000|  0%| F|  |TAMS 0x0000000090500000| PB 0x0000000090500000| Untracked 
| 262|0x0000000090600000, 0x0000000090600000, 0x0000000090700000|  0%| F|  |TAMS 0x0000000090600000| PB 0x0000000090600000| Untracked 
| 263|0x0000000090700000, 0x0000000090700000, 0x0000000090800000|  0%| F|  |TAMS 0x0000000090700000| PB 0x0000000090700000| Untracked 
| 264|0x0000000090800000, 0x0000000090800000, 0x0000000090900000|  0%| F|  |TAMS 0x0000000090800000| PB 0x0000000090800000| Untracked 
| 265|0x0000000090900000, 0x0000000090900000, 0x0000000090a00000|  0%| F|  |TAMS 0x0000000090900000| PB 0x0000000090900000| Untracked 
| 266|0x0000000090a00000, 0x0000000090a00000, 0x0000000090b00000|  0%| F|  |TAMS 0x0000000090a00000| PB 0x0000000090a00000| Untracked 
| 267|0x0000000090b00000, 0x0000000090b00000, 0x0000000090c00000|  0%| F|  |TAMS 0x0000000090b00000| PB 0x0000000090b00000| Untracked 
| 268|0x0000000090c00000, 0x0000000090c00000, 0x0000000090d00000|  0%| F|  |TAMS 0x0000000090c00000| PB 0x0000000090c00000| Untracked 
| 269|0x0000000090d00000, 0x0000000090d00000, 0x0000000090e00000|  0%| F|  |TAMS 0x0000000090d00000| PB 0x0000000090d00000| Untracked 
| 270|0x0000000090e00000, 0x0000000090e00000, 0x0000000090f00000|  0%| F|  |TAMS 0x0000000090e00000| PB 0x0000000090e00000| Untracked 
| 271|0x0000000090f00000, 0x0000000090f00000, 0x0000000091000000|  0%| F|  |TAMS 0x0000000090f00000| PB 0x0000000090f00000| Untracked 
| 272|0x0000000091000000, 0x0000000091000000, 0x0000000091100000|  0%| F|  |TAMS 0x0000000091000000| PB 0x0000000091000000| Untracked 
| 273|0x0000000091100000, 0x0000000091100000, 0x0000000091200000|  0%| F|  |TAMS 0x0000000091100000| PB 0x0000000091100000| Untracked 
| 274|0x0000000091200000, 0x0000000091200000, 0x0000000091300000|  0%| F|  |TAMS 0x0000000091200000| PB 0x0000000091200000| Untracked 
| 275|0x0000000091300000, 0x0000000091300000, 0x0000000091400000|  0%| F|  |TAMS 0x0000000091300000| PB 0x0000000091300000| Untracked 
| 276|0x0000000091400000, 0x0000000091400000, 0x0000000091500000|  0%| F|  |TAMS 0x0000000091400000| PB 0x0000000091400000| Untracked 
| 277|0x0000000091500000, 0x0000000091500000, 0x0000000091600000|  0%| F|  |TAMS 0x0000000091500000| PB 0x0000000091500000| Untracked 
| 278|0x0000000091600000, 0x0000000091600000, 0x0000000091700000|  0%| F|  |TAMS 0x0000000091600000| PB 0x0000000091600000| Untracked 
| 279|0x0000000091700000, 0x0000000091700000, 0x0000000091800000|  0%| F|  |TAMS 0x0000000091700000| PB 0x0000000091700000| Untracked 
| 280|0x0000000091800000, 0x0000000091800000, 0x0000000091900000|  0%| F|  |TAMS 0x0000000091800000| PB 0x0000000091800000| Untracked 
| 281|0x0000000091900000, 0x0000000091900000, 0x0000000091a00000|  0%| F|  |TAMS 0x0000000091900000| PB 0x0000000091900000| Untracked 
| 282|0x0000000091a00000, 0x0000000091a00000, 0x0000000091b00000|  0%| F|  |TAMS 0x0000000091a00000| PB 0x0000000091a00000| Untracked 
| 283|0x0000000091b00000, 0x0000000091b00000, 0x0000000091c00000|  0%| F|  |TAMS 0x0000000091b00000| PB 0x0000000091b00000| Untracked 
| 284|0x0000000091c00000, 0x0000000091c00000, 0x0000000091d00000|  0%| F|  |TAMS 0x0000000091c00000| PB 0x0000000091c00000| Untracked 
| 285|0x0000000091d00000, 0x0000000091d00000, 0x0000000091e00000|  0%| F|  |TAMS 0x0000000091d00000| PB 0x0000000091d00000| Untracked 
| 286|0x0000000091e00000, 0x0000000091e00000, 0x0000000091f00000|  0%| F|  |TAMS 0x0000000091e00000| PB 0x0000000091e00000| Untracked 
| 287|0x0000000091f00000, 0x0000000091f00000, 0x0000000092000000|  0%| F|  |TAMS 0x0000000091f00000| PB 0x0000000091f00000| Untracked 
| 288|0x0000000092000000, 0x0000000092000000, 0x0000000092100000|  0%| F|  |TAMS 0x0000000092000000| PB 0x0000000092000000| Untracked 
| 289|0x0000000092100000, 0x0000000092100000, 0x0000000092200000|  0%| F|  |TAMS 0x0000000092100000| PB 0x0000000092100000| Untracked 
| 290|0x0000000092200000, 0x0000000092200000, 0x0000000092300000|  0%| F|  |TAMS 0x0000000092200000| PB 0x0000000092200000| Untracked 
| 291|0x0000000092300000, 0x0000000092300000, 0x0000000092400000|  0%| F|  |TAMS 0x0000000092300000| PB 0x0000000092300000| Untracked 
| 292|0x0000000092400000, 0x0000000092400000, 0x0000000092500000|  0%| F|  |TAMS 0x0000000092400000| PB 0x0000000092400000| Untracked 
| 293|0x0000000092500000, 0x0000000092500000, 0x0000000092600000|  0%| F|  |TAMS 0x0000000092500000| PB 0x0000000092500000| Untracked 
| 294|0x0000000092600000, 0x0000000092600000, 0x0000000092700000|  0%| F|  |TAMS 0x0000000092600000| PB 0x0000000092600000| Untracked 
| 295|0x0000000092700000, 0x0000000092700000, 0x0000000092800000|  0%| F|  |TAMS 0x0000000092700000| PB 0x0000000092700000| Untracked 
| 296|0x0000000092800000, 0x0000000092800000, 0x0000000092900000|  0%| F|  |TAMS 0x0000000092800000| PB 0x0000000092800000| Untracked 
| 297|0x0000000092900000, 0x0000000092900000, 0x0000000092a00000|  0%| F|  |TAMS 0x0000000092900000| PB 0x0000000092900000| Untracked 
| 298|0x0000000092a00000, 0x0000000092a00000, 0x0000000092b00000|  0%| F|  |TAMS 0x0000000092a00000| PB 0x0000000092a00000| Untracked 
| 299|0x0000000092b00000, 0x0000000092b00000, 0x0000000092c00000|  0%| F|  |TAMS 0x0000000092b00000| PB 0x0000000092b00000| Untracked 
| 300|0x0000000092c00000, 0x0000000092c00000, 0x0000000092d00000|  0%| F|  |TAMS 0x0000000092c00000| PB 0x0000000092c00000| Untracked 
| 301|0x0000000092d00000, 0x0000000092d00000, 0x0000000092e00000|  0%| F|  |TAMS 0x0000000092d00000| PB 0x0000000092d00000| Untracked 
| 302|0x0000000092e00000, 0x0000000092e00000, 0x0000000092f00000|  0%| F|  |TAMS 0x0000000092e00000| PB 0x0000000092e00000| Untracked 
| 303|0x0000000092f00000, 0x0000000092f00000, 0x0000000093000000|  0%| F|  |TAMS 0x0000000092f00000| PB 0x0000000092f00000| Untracked 
| 304|0x0000000093000000, 0x0000000093000000, 0x0000000093100000|  0%| F|  |TAMS 0x0000000093000000| PB 0x0000000093000000| Untracked 
| 305|0x0000000093100000, 0x0000000093100000, 0x0000000093200000|  0%| F|  |TAMS 0x0000000093100000| PB 0x0000000093100000| Untracked 
| 306|0x0000000093200000, 0x0000000093200000, 0x0000000093300000|  0%| F|  |TAMS 0x0000000093200000| PB 0x0000000093200000| Untracked 
| 307|0x0000000093300000, 0x0000000093300000, 0x0000000093400000|  0%| F|  |TAMS 0x0000000093300000| PB 0x0000000093300000| Untracked 
| 308|0x0000000093400000, 0x0000000093400000, 0x0000000093500000|  0%| F|  |TAMS 0x0000000093400000| PB 0x0000000093400000| Untracked 
| 309|0x0000000093500000, 0x0000000093500000, 0x0000000093600000|  0%| F|  |TAMS 0x0000000093500000| PB 0x0000000093500000| Untracked 
| 310|0x0000000093600000, 0x0000000093600000, 0x0000000093700000|  0%| F|  |TAMS 0x0000000093600000| PB 0x0000000093600000| Untracked 
| 311|0x0000000093700000, 0x0000000093700000, 0x0000000093800000|  0%| F|  |TAMS 0x0000000093700000| PB 0x0000000093700000| Untracked 
| 312|0x0000000093800000, 0x0000000093800000, 0x0000000093900000|  0%| F|  |TAMS 0x0000000093800000| PB 0x0000000093800000| Untracked 
| 313|0x0000000093900000, 0x0000000093900000, 0x0000000093a00000|  0%| F|  |TAMS 0x0000000093900000| PB 0x0000000093900000| Untracked 
| 314|0x0000000093a00000, 0x0000000093a00000, 0x0000000093b00000|  0%| F|  |TAMS 0x0000000093a00000| PB 0x0000000093a00000| Untracked 
| 315|0x0000000093b00000, 0x0000000093b00000, 0x0000000093c00000|  0%| F|  |TAMS 0x0000000093b00000| PB 0x0000000093b00000| Untracked 
| 316|0x0000000093c00000, 0x0000000093c00000, 0x0000000093d00000|  0%| F|  |TAMS 0x0000000093c00000| PB 0x0000000093c00000| Untracked 
| 317|0x0000000093d00000, 0x0000000093d00000, 0x0000000093e00000|  0%| F|  |TAMS 0x0000000093d00000| PB 0x0000000093d00000| Untracked 
| 318|0x0000000093e00000, 0x0000000093e00000, 0x0000000093f00000|  0%| F|  |TAMS 0x0000000093e00000| PB 0x0000000093e00000| Untracked 
| 319|0x0000000093f00000, 0x0000000093f00000, 0x0000000094000000|  0%| F|  |TAMS 0x0000000093f00000| PB 0x0000000093f00000| Untracked 
| 320|0x0000000094000000, 0x0000000094000000, 0x0000000094100000|  0%| F|  |TAMS 0x0000000094000000| PB 0x0000000094000000| Untracked 
| 321|0x0000000094100000, 0x0000000094100000, 0x0000000094200000|  0%| F|  |TAMS 0x0000000094100000| PB 0x0000000094100000| Untracked 
| 322|0x0000000094200000, 0x0000000094200000, 0x0000000094300000|  0%| F|  |TAMS 0x0000000094200000| PB 0x0000000094200000| Untracked 
| 323|0x0000000094300000, 0x0000000094300000, 0x0000000094400000|  0%| F|  |TAMS 0x0000000094300000| PB 0x0000000094300000| Untracked 
| 324|0x0000000094400000, 0x0000000094400000, 0x0000000094500000|  0%| F|  |TAMS 0x0000000094400000| PB 0x0000000094400000| Untracked 
| 325|0x0000000094500000, 0x0000000094500000, 0x0000000094600000|  0%| F|  |TAMS 0x0000000094500000| PB 0x0000000094500000| Untracked 
| 326|0x0000000094600000, 0x0000000094600000, 0x0000000094700000|  0%| F|  |TAMS 0x0000000094600000| PB 0x0000000094600000| Untracked 
| 327|0x0000000094700000, 0x0000000094700000, 0x0000000094800000|  0%| F|  |TAMS 0x0000000094700000| PB 0x0000000094700000| Untracked 
| 328|0x0000000094800000, 0x0000000094800000, 0x0000000094900000|  0%| F|  |TAMS 0x0000000094800000| PB 0x0000000094800000| Untracked 
| 329|0x0000000094900000, 0x0000000094900000, 0x0000000094a00000|  0%| F|  |TAMS 0x0000000094900000| PB 0x0000000094900000| Untracked 
| 330|0x0000000094a00000, 0x0000000094a00000, 0x0000000094b00000|  0%| F|  |TAMS 0x0000000094a00000| PB 0x0000000094a00000| Untracked 
| 331|0x0000000094b00000, 0x0000000094b00000, 0x0000000094c00000|  0%| F|  |TAMS 0x0000000094b00000| PB 0x0000000094b00000| Untracked 
| 332|0x0000000094c00000, 0x0000000094c00000, 0x0000000094d00000|  0%| F|  |TAMS 0x0000000094c00000| PB 0x0000000094c00000| Untracked 
| 333|0x0000000094d00000, 0x0000000094d00000, 0x0000000094e00000|  0%| F|  |TAMS 0x0000000094d00000| PB 0x0000000094d00000| Untracked 
| 334|0x0000000094e00000, 0x0000000094e00000, 0x0000000094f00000|  0%| F|  |TAMS 0x0000000094e00000| PB 0x0000000094e00000| Untracked 
| 335|0x0000000094f00000, 0x0000000094f00000, 0x0000000095000000|  0%| F|  |TAMS 0x0000000094f00000| PB 0x0000000094f00000| Untracked 
| 336|0x0000000095000000, 0x0000000095000000, 0x0000000095100000|  0%| F|  |TAMS 0x0000000095000000| PB 0x0000000095000000| Untracked 
| 337|0x0000000095100000, 0x0000000095100000, 0x0000000095200000|  0%| F|  |TAMS 0x0000000095100000| PB 0x0000000095100000| Untracked 
| 338|0x0000000095200000, 0x0000000095200000, 0x0000000095300000|  0%| F|  |TAMS 0x0000000095200000| PB 0x0000000095200000| Untracked 
| 339|0x0000000095300000, 0x0000000095300000, 0x0000000095400000|  0%| F|  |TAMS 0x0000000095300000| PB 0x0000000095300000| Untracked 
| 340|0x0000000095400000, 0x0000000095400000, 0x0000000095500000|  0%| F|  |TAMS 0x0000000095400000| PB 0x0000000095400000| Untracked 
| 341|0x0000000095500000, 0x0000000095500000, 0x0000000095600000|  0%| F|  |TAMS 0x0000000095500000| PB 0x0000000095500000| Untracked 
| 342|0x0000000095600000, 0x0000000095600000, 0x0000000095700000|  0%| F|  |TAMS 0x0000000095600000| PB 0x0000000095600000| Untracked 
| 343|0x0000000095700000, 0x0000000095700000, 0x0000000095800000|  0%| F|  |TAMS 0x0000000095700000| PB 0x0000000095700000| Untracked 
| 344|0x0000000095800000, 0x0000000095800000, 0x0000000095900000|  0%| F|  |TAMS 0x0000000095800000| PB 0x0000000095800000| Untracked 
| 345|0x0000000095900000, 0x0000000095900000, 0x0000000095a00000|  0%| F|  |TAMS 0x0000000095900000| PB 0x0000000095900000| Untracked 
| 346|0x0000000095a00000, 0x0000000095a00000, 0x0000000095b00000|  0%| F|  |TAMS 0x0000000095a00000| PB 0x0000000095a00000| Untracked 
| 347|0x0000000095b00000, 0x0000000095b00000, 0x0000000095c00000|  0%| F|  |TAMS 0x0000000095b00000| PB 0x0000000095b00000| Untracked 
| 348|0x0000000095c00000, 0x0000000095c00000, 0x0000000095d00000|  0%| F|  |TAMS 0x0000000095c00000| PB 0x0000000095c00000| Untracked 
| 349|0x0000000095d00000, 0x0000000095d00000, 0x0000000095e00000|  0%| F|  |TAMS 0x0000000095d00000| PB 0x0000000095d00000| Untracked 
| 350|0x0000000095e00000, 0x0000000095e00000, 0x0000000095f00000|  0%| F|  |TAMS 0x0000000095e00000| PB 0x0000000095e00000| Untracked 
| 351|0x0000000095f00000, 0x0000000095f00000, 0x0000000096000000|  0%| F|  |TAMS 0x0000000095f00000| PB 0x0000000095f00000| Untracked 
| 352|0x0000000096000000, 0x0000000096000000, 0x0000000096100000|  0%| F|  |TAMS 0x0000000096000000| PB 0x0000000096000000| Untracked 
| 353|0x0000000096100000, 0x0000000096100000, 0x0000000096200000|  0%| F|  |TAMS 0x0000000096100000| PB 0x0000000096100000| Untracked 
| 354|0x0000000096200000, 0x0000000096200000, 0x0000000096300000|  0%| F|  |TAMS 0x0000000096200000| PB 0x0000000096200000| Untracked 
| 355|0x0000000096300000, 0x0000000096300000, 0x0000000096400000|  0%| F|  |TAMS 0x0000000096300000| PB 0x0000000096300000| Untracked 
| 356|0x0000000096400000, 0x0000000096400000, 0x0000000096500000|  0%| F|  |TAMS 0x0000000096400000| PB 0x0000000096400000| Untracked 
| 357|0x0000000096500000, 0x0000000096500000, 0x0000000096600000|  0%| F|  |TAMS 0x0000000096500000| PB 0x0000000096500000| Untracked 
| 358|0x0000000096600000, 0x0000000096600000, 0x0000000096700000|  0%| F|  |TAMS 0x0000000096600000| PB 0x0000000096600000| Untracked 
| 359|0x0000000096700000, 0x0000000096700000, 0x0000000096800000|  0%| F|  |TAMS 0x0000000096700000| PB 0x0000000096700000| Untracked 
| 360|0x0000000096800000, 0x0000000096800000, 0x0000000096900000|  0%| F|  |TAMS 0x0000000096800000| PB 0x0000000096800000| Untracked 
| 361|0x0000000096900000, 0x0000000096900000, 0x0000000096a00000|  0%| F|  |TAMS 0x0000000096900000| PB 0x0000000096900000| Untracked 
| 362|0x0000000096a00000, 0x0000000096a00000, 0x0000000096b00000|  0%| F|  |TAMS 0x0000000096a00000| PB 0x0000000096a00000| Untracked 
| 363|0x0000000096b00000, 0x0000000096b00000, 0x0000000096c00000|  0%| F|  |TAMS 0x0000000096b00000| PB 0x0000000096b00000| Untracked 
| 364|0x0000000096c00000, 0x0000000096c00000, 0x0000000096d00000|  0%| F|  |TAMS 0x0000000096c00000| PB 0x0000000096c00000| Untracked 
| 365|0x0000000096d00000, 0x0000000096d00000, 0x0000000096e00000|  0%| F|  |TAMS 0x0000000096d00000| PB 0x0000000096d00000| Untracked 
| 366|0x0000000096e00000, 0x0000000096e00000, 0x0000000096f00000|  0%| F|  |TAMS 0x0000000096e00000| PB 0x0000000096e00000| Untracked 
| 367|0x0000000096f00000, 0x0000000096f00000, 0x0000000097000000|  0%| F|  |TAMS 0x0000000096f00000| PB 0x0000000096f00000| Untracked 
| 368|0x0000000097000000, 0x0000000097000000, 0x0000000097100000|  0%| F|  |TAMS 0x0000000097000000| PB 0x0000000097000000| Untracked 
| 369|0x0000000097100000, 0x0000000097100000, 0x0000000097200000|  0%| F|  |TAMS 0x0000000097100000| PB 0x0000000097100000| Untracked 
| 370|0x0000000097200000, 0x0000000097200000, 0x0000000097300000|  0%| F|  |TAMS 0x0000000097200000| PB 0x0000000097200000| Untracked 
| 371|0x0000000097300000, 0x0000000097300000, 0x0000000097400000|  0%| F|  |TAMS 0x0000000097300000| PB 0x0000000097300000| Untracked 
| 372|0x0000000097400000, 0x0000000097400000, 0x0000000097500000|  0%| F|  |TAMS 0x0000000097400000| PB 0x0000000097400000| Untracked 
| 373|0x0000000097500000, 0x0000000097500000, 0x0000000097600000|  0%| F|  |TAMS 0x0000000097500000| PB 0x0000000097500000| Untracked 
| 374|0x0000000097600000, 0x0000000097600000, 0x0000000097700000|  0%| F|  |TAMS 0x0000000097600000| PB 0x0000000097600000| Untracked 
| 375|0x0000000097700000, 0x0000000097700000, 0x0000000097800000|  0%| F|  |TAMS 0x0000000097700000| PB 0x0000000097700000| Untracked 
| 376|0x0000000097800000, 0x0000000097800000, 0x0000000097900000|  0%| F|  |TAMS 0x0000000097800000| PB 0x0000000097800000| Untracked 
| 377|0x0000000097900000, 0x0000000097900000, 0x0000000097a00000|  0%| F|  |TAMS 0x0000000097900000| PB 0x0000000097900000| Untracked 
| 378|0x0000000097a00000, 0x0000000097a00000, 0x0000000097b00000|  0%| F|  |TAMS 0x0000000097a00000| PB 0x0000000097a00000| Untracked 
| 379|0x0000000097b00000, 0x0000000097b00000, 0x0000000097c00000|  0%| F|  |TAMS 0x0000000097b00000| PB 0x0000000097b00000| Untracked 
| 380|0x0000000097c00000, 0x0000000097c00000, 0x0000000097d00000|  0%| F|  |TAMS 0x0000000097c00000| PB 0x0000000097c00000| Untracked 
| 381|0x0000000097d00000, 0x0000000097d00000, 0x0000000097e00000|  0%| F|  |TAMS 0x0000000097d00000| PB 0x0000000097d00000| Untracked 
| 382|0x0000000097e00000, 0x0000000097e00000, 0x0000000097f00000|  0%| F|  |TAMS 0x0000000097e00000| PB 0x0000000097e00000| Untracked 
| 383|0x0000000097f00000, 0x0000000097f00000, 0x0000000098000000|  0%| F|  |TAMS 0x0000000097f00000| PB 0x0000000097f00000| Untracked 
| 384|0x0000000098000000, 0x0000000098000000, 0x0000000098100000|  0%| F|  |TAMS 0x0000000098000000| PB 0x0000000098000000| Untracked 
| 385|0x0000000098100000, 0x0000000098100000, 0x0000000098200000|  0%| F|  |TAMS 0x0000000098100000| PB 0x0000000098100000| Untracked 
| 386|0x0000000098200000, 0x0000000098200000, 0x0000000098300000|  0%| F|  |TAMS 0x0000000098200000| PB 0x0000000098200000| Untracked 
| 387|0x0000000098300000, 0x0000000098300000, 0x0000000098400000|  0%| F|  |TAMS 0x0000000098300000| PB 0x0000000098300000| Untracked 
| 388|0x0000000098400000, 0x0000000098400000, 0x0000000098500000|  0%| F|  |TAMS 0x0000000098400000| PB 0x0000000098400000| Untracked 
| 389|0x0000000098500000, 0x0000000098500000, 0x0000000098600000|  0%| F|  |TAMS 0x0000000098500000| PB 0x0000000098500000| Untracked 
| 390|0x0000000098600000, 0x0000000098600000, 0x0000000098700000|  0%| F|  |TAMS 0x0000000098600000| PB 0x0000000098600000| Untracked 
| 391|0x0000000098700000, 0x0000000098700000, 0x0000000098800000|  0%| F|  |TAMS 0x0000000098700000| PB 0x0000000098700000| Untracked 
| 392|0x0000000098800000, 0x0000000098800000, 0x0000000098900000|  0%| F|  |TAMS 0x0000000098800000| PB 0x0000000098800000| Untracked 
| 393|0x0000000098900000, 0x0000000098900000, 0x0000000098a00000|  0%| F|  |TAMS 0x0000000098900000| PB 0x0000000098900000| Untracked 
| 394|0x0000000098a00000, 0x0000000098a00000, 0x0000000098b00000|  0%| F|  |TAMS 0x0000000098a00000| PB 0x0000000098a00000| Untracked 
| 395|0x0000000098b00000, 0x0000000098b00000, 0x0000000098c00000|  0%| F|  |TAMS 0x0000000098b00000| PB 0x0000000098b00000| Untracked 
| 396|0x0000000098c00000, 0x0000000098c00000, 0x0000000098d00000|  0%| F|  |TAMS 0x0000000098c00000| PB 0x0000000098c00000| Untracked 
| 397|0x0000000098d00000, 0x0000000098d00000, 0x0000000098e00000|  0%| F|  |TAMS 0x0000000098d00000| PB 0x0000000098d00000| Untracked 
| 398|0x0000000098e00000, 0x0000000098e00000, 0x0000000098f00000|  0%| F|  |TAMS 0x0000000098e00000| PB 0x0000000098e00000| Untracked 
| 399|0x0000000098f00000, 0x0000000098f00000, 0x0000000099000000|  0%| F|  |TAMS 0x0000000098f00000| PB 0x0000000098f00000| Untracked 
| 400|0x0000000099000000, 0x0000000099000000, 0x0000000099100000|  0%| F|  |TAMS 0x0000000099000000| PB 0x0000000099000000| Untracked 
| 401|0x0000000099100000, 0x0000000099100000, 0x0000000099200000|  0%| F|  |TAMS 0x0000000099100000| PB 0x0000000099100000| Untracked 
| 402|0x0000000099200000, 0x0000000099200000, 0x0000000099300000|  0%| F|  |TAMS 0x0000000099200000| PB 0x0000000099200000| Untracked 
| 403|0x0000000099300000, 0x0000000099300000, 0x0000000099400000|  0%| F|  |TAMS 0x0000000099300000| PB 0x0000000099300000| Untracked 
| 404|0x0000000099400000, 0x0000000099400000, 0x0000000099500000|  0%| F|  |TAMS 0x0000000099400000| PB 0x0000000099400000| Untracked 
| 405|0x0000000099500000, 0x0000000099500000, 0x0000000099600000|  0%| F|  |TAMS 0x0000000099500000| PB 0x0000000099500000| Untracked 
| 406|0x0000000099600000, 0x0000000099600000, 0x0000000099700000|  0%| F|  |TAMS 0x0000000099600000| PB 0x0000000099600000| Untracked 
|1975|0x00000000fb700000, 0x00000000fb700000, 0x00000000fb800000|  0%| F|  |TAMS 0x00000000fb700000| PB 0x00000000fb700000| Untracked 
|1976|0x00000000fb800000, 0x00000000fb800000, 0x00000000fb900000|  0%| F|  |TAMS 0x00000000fb800000| PB 0x00000000fb800000| Untracked 
|1977|0x00000000fb900000, 0x00000000fb900000, 0x00000000fba00000|  0%| F|  |TAMS 0x00000000fb900000| PB 0x00000000fb900000| Untracked 
|1978|0x00000000fba00000, 0x00000000fba00000, 0x00000000fbb00000|  0%| F|  |TAMS 0x00000000fba00000| PB 0x00000000fba00000| Untracked 
|1979|0x00000000fbb00000, 0x00000000fbc00000, 0x00000000fbc00000|100%| S|CS|TAMS 0x00000000fbb00000| PB 0x00000000fbb00000| Complete 
|1980|0x00000000fbc00000, 0x00000000fbd00000, 0x00000000fbd00000|100%| S|CS|TAMS 0x00000000fbc00000| PB 0x00000000fbc00000| Complete 
|1981|0x00000000fbd00000, 0x00000000fbe00000, 0x00000000fbe00000|100%| S|CS|TAMS 0x00000000fbd00000| PB 0x00000000fbd00000| Complete 
|1982|0x00000000fbe00000, 0x00000000fbe00000, 0x00000000fbf00000|  0%| F|  |TAMS 0x00000000fbe00000| PB 0x00000000fbe00000| Untracked 
|1983|0x00000000fbf00000, 0x00000000fbf00000, 0x00000000fc000000|  0%| F|  |TAMS 0x00000000fbf00000| PB 0x00000000fbf00000| Untracked 
|1984|0x00000000fc000000, 0x00000000fc000000, 0x00000000fc100000|  0%| F|  |TAMS 0x00000000fc000000| PB 0x00000000fc000000| Untracked 
|1985|0x00000000fc100000, 0x00000000fc100000, 0x00000000fc200000|  0%| F|  |TAMS 0x00000000fc100000| PB 0x00000000fc100000| Untracked 
|1986|0x00000000fc200000, 0x00000000fc200000, 0x00000000fc300000|  0%| F|  |TAMS 0x00000000fc200000| PB 0x00000000fc200000| Untracked 
|1987|0x00000000fc300000, 0x00000000fc300000, 0x00000000fc400000|  0%| F|  |TAMS 0x00000000fc300000| PB 0x00000000fc300000| Untracked 
|1988|0x00000000fc400000, 0x00000000fc400000, 0x00000000fc500000|  0%| F|  |TAMS 0x00000000fc400000| PB 0x00000000fc400000| Untracked 
|1989|0x00000000fc500000, 0x00000000fc500000, 0x00000000fc600000|  0%| F|  |TAMS 0x00000000fc500000| PB 0x00000000fc500000| Untracked 
|1990|0x00000000fc600000, 0x00000000fc600000, 0x00000000fc700000|  0%| F|  |TAMS 0x00000000fc600000| PB 0x00000000fc600000| Untracked 
|1991|0x00000000fc700000, 0x00000000fc700000, 0x00000000fc800000|  0%| F|  |TAMS 0x00000000fc700000| PB 0x00000000fc700000| Untracked 
|1992|0x00000000fc800000, 0x00000000fc800000, 0x00000000fc900000|  0%| F|  |TAMS 0x00000000fc800000| PB 0x00000000fc800000| Untracked 
|1993|0x00000000fc900000, 0x00000000fc900000, 0x00000000fca00000|  0%| F|  |TAMS 0x00000000fc900000| PB 0x00000000fc900000| Untracked 
|1994|0x00000000fca00000, 0x00000000fca00000, 0x00000000fcb00000|  0%| F|  |TAMS 0x00000000fca00000| PB 0x00000000fca00000| Untracked 
|1995|0x00000000fcb00000, 0x00000000fcb00000, 0x00000000fcc00000|  0%| F|  |TAMS 0x00000000fcb00000| PB 0x00000000fcb00000| Untracked 
|1996|0x00000000fcc00000, 0x00000000fcc00000, 0x00000000fcd00000|  0%| F|  |TAMS 0x00000000fcc00000| PB 0x00000000fcc00000| Untracked 
|1997|0x00000000fcd00000, 0x00000000fcd00000, 0x00000000fce00000|  0%| F|  |TAMS 0x00000000fcd00000| PB 0x00000000fcd00000| Untracked 
|1998|0x00000000fce00000, 0x00000000fce00000, 0x00000000fcf00000|  0%| F|  |TAMS 0x00000000fce00000| PB 0x00000000fce00000| Untracked 
|1999|0x00000000fcf00000, 0x00000000fcf00000, 0x00000000fd000000|  0%| F|  |TAMS 0x00000000fcf00000| PB 0x00000000fcf00000| Untracked 
|2000|0x00000000fd000000, 0x00000000fd000000, 0x00000000fd100000|  0%| F|  |TAMS 0x00000000fd000000| PB 0x00000000fd000000| Untracked 
|2001|0x00000000fd100000, 0x00000000fd100000, 0x00000000fd200000|  0%| F|  |TAMS 0x00000000fd100000| PB 0x00000000fd100000| Untracked 
|2002|0x00000000fd200000, 0x00000000fd200000, 0x00000000fd300000|  0%| F|  |TAMS 0x00000000fd200000| PB 0x00000000fd200000| Untracked 
|2003|0x00000000fd300000, 0x00000000fd300000, 0x00000000fd400000|  0%| F|  |TAMS 0x00000000fd300000| PB 0x00000000fd300000| Untracked 
|2004|0x00000000fd400000, 0x00000000fd400000, 0x00000000fd500000|  0%| F|  |TAMS 0x00000000fd400000| PB 0x00000000fd400000| Untracked 
|2005|0x00000000fd500000, 0x00000000fd500000, 0x00000000fd600000|  0%| F|  |TAMS 0x00000000fd500000| PB 0x00000000fd500000| Untracked 
|2006|0x00000000fd600000, 0x00000000fd600000, 0x00000000fd700000|  0%| F|  |TAMS 0x00000000fd600000| PB 0x00000000fd600000| Untracked 
|2007|0x00000000fd700000, 0x00000000fd700000, 0x00000000fd800000|  0%| F|  |TAMS 0x00000000fd700000| PB 0x00000000fd700000| Untracked 
|2008|0x00000000fd800000, 0x00000000fd800000, 0x00000000fd900000|  0%| F|  |TAMS 0x00000000fd800000| PB 0x00000000fd800000| Untracked 
|2009|0x00000000fd900000, 0x00000000fd900000, 0x00000000fda00000|  0%| F|  |TAMS 0x00000000fd900000| PB 0x00000000fd900000| Untracked 
|2010|0x00000000fda00000, 0x00000000fda00000, 0x00000000fdb00000|  0%| F|  |TAMS 0x00000000fda00000| PB 0x00000000fda00000| Untracked 
|2011|0x00000000fdb00000, 0x00000000fdb00000, 0x00000000fdc00000|  0%| F|  |TAMS 0x00000000fdb00000| PB 0x00000000fdb00000| Untracked 
|2012|0x00000000fdc00000, 0x00000000fdc00000, 0x00000000fdd00000|  0%| F|  |TAMS 0x00000000fdc00000| PB 0x00000000fdc00000| Untracked 
|2013|0x00000000fdd00000, 0x00000000fdd00000, 0x00000000fde00000|  0%| F|  |TAMS 0x00000000fdd00000| PB 0x00000000fdd00000| Untracked 
|2014|0x00000000fde00000, 0x00000000fde00000, 0x00000000fdf00000|  0%| F|  |TAMS 0x00000000fde00000| PB 0x00000000fde00000| Untracked 
|2015|0x00000000fdf00000, 0x00000000fdf00000, 0x00000000fe000000|  0%| F|  |TAMS 0x00000000fdf00000| PB 0x00000000fdf00000| Untracked 
|2016|0x00000000fe000000, 0x00000000fe000000, 0x00000000fe100000|  0%| F|  |TAMS 0x00000000fe000000| PB 0x00000000fe000000| Untracked 
|2017|0x00000000fe100000, 0x00000000fe100000, 0x00000000fe200000|  0%| F|  |TAMS 0x00000000fe100000| PB 0x00000000fe100000| Untracked 
|2018|0x00000000fe200000, 0x00000000fe200000, 0x00000000fe300000|  0%| F|  |TAMS 0x00000000fe200000| PB 0x00000000fe200000| Untracked 
|2019|0x00000000fe300000, 0x00000000fe334970, 0x00000000fe400000| 20%| E|  |TAMS 0x00000000fe300000| PB 0x00000000fe300000| Complete 
|2020|0x00000000fe400000, 0x00000000fe500000, 0x00000000fe500000|100%| E|CS|TAMS 0x00000000fe400000| PB 0x00000000fe400000| Complete 
|2021|0x00000000fe500000, 0x00000000fe600000, 0x00000000fe600000|100%| E|CS|TAMS 0x00000000fe500000| PB 0x00000000fe500000| Complete 
|2022|0x00000000fe600000, 0x00000000fe700000, 0x00000000fe700000|100%| E|CS|TAMS 0x00000000fe600000| PB 0x00000000fe600000| Complete 
|2023|0x00000000fe700000, 0x00000000fe800000, 0x00000000fe800000|100%| E|CS|TAMS 0x00000000fe700000| PB 0x00000000fe700000| Complete 
|2024|0x00000000fe800000, 0x00000000fe900000, 0x00000000fe900000|100%| E|CS|TAMS 0x00000000fe800000| PB 0x00000000fe800000| Complete 
|2025|0x00000000fe900000, 0x00000000fea00000, 0x00000000fea00000|100%| E|CS|TAMS 0x00000000fe900000| PB 0x00000000fe900000| Complete 
|2026|0x00000000fea00000, 0x00000000feb00000, 0x00000000feb00000|100%| E|CS|TAMS 0x00000000fea00000| PB 0x00000000fea00000| Complete 
|2027|0x00000000feb00000, 0x00000000fec00000, 0x00000000fec00000|100%| E|CS|TAMS 0x00000000feb00000| PB 0x00000000feb00000| Complete 
|2028|0x00000000fec00000, 0x00000000fed00000, 0x00000000fed00000|100%| E|CS|TAMS 0x00000000fec00000| PB 0x00000000fec00000| Complete 
|2029|0x00000000fed00000, 0x00000000fee00000, 0x00000000fee00000|100%| E|CS|TAMS 0x00000000fed00000| PB 0x00000000fed00000| Complete 
|2030|0x00000000fee00000, 0x00000000fef00000, 0x00000000fef00000|100%| E|CS|TAMS 0x00000000fee00000| PB 0x00000000fee00000| Complete 
|2031|0x00000000fef00000, 0x00000000ff000000, 0x00000000ff000000|100%| E|CS|TAMS 0x00000000fef00000| PB 0x00000000fef00000| Complete 
|2032|0x00000000ff000000, 0x00000000ff100000, 0x00000000ff100000|100%| E|CS|TAMS 0x00000000ff000000| PB 0x00000000ff000000| Complete 
|2033|0x00000000ff100000, 0x00000000ff200000, 0x00000000ff200000|100%| E|CS|TAMS 0x00000000ff100000| PB 0x00000000ff100000| Complete 
|2034|0x00000000ff200000, 0x00000000ff300000, 0x00000000ff300000|100%| E|CS|TAMS 0x00000000ff200000| PB 0x00000000ff200000| Complete 
|2035|0x00000000ff300000, 0x00000000ff400000, 0x00000000ff400000|100%| E|CS|TAMS 0x00000000ff300000| PB 0x00000000ff300000| Complete 
|2036|0x00000000ff400000, 0x00000000ff500000, 0x00000000ff500000|100%| E|CS|TAMS 0x00000000ff400000| PB 0x00000000ff400000| Complete 
|2037|0x00000000ff500000, 0x00000000ff600000, 0x00000000ff600000|100%| E|  |TAMS 0x00000000ff500000| PB 0x00000000ff500000| Complete 
|2038|0x00000000ff600000, 0x00000000ff700000, 0x00000000ff700000|100%| E|CS|TAMS 0x00000000ff600000| PB 0x00000000ff600000| Complete 
|2039|0x00000000ff700000, 0x00000000ff800000, 0x00000000ff800000|100%| E|CS|TAMS 0x00000000ff700000| PB 0x00000000ff700000| Complete 
|2040|0x00000000ff800000, 0x00000000ff900000, 0x00000000ff900000|100%| E|CS|TAMS 0x00000000ff800000| PB 0x00000000ff800000| Complete 
|2041|0x00000000ff900000, 0x00000000ffa00000, 0x00000000ffa00000|100%| E|CS|TAMS 0x00000000ff900000| PB 0x00000000ff900000| Complete 
|2042|0x00000000ffa00000, 0x00000000ffb00000, 0x00000000ffb00000|100%| E|CS|TAMS 0x00000000ffa00000| PB 0x00000000ffa00000| Complete 
|2043|0x00000000ffb00000, 0x00000000ffc00000, 0x00000000ffc00000|100%| E|CS|TAMS 0x00000000ffb00000| PB 0x00000000ffb00000| Complete 
|2044|0x00000000ffc00000, 0x00000000ffd00000, 0x00000000ffd00000|100%| E|CS|TAMS 0x00000000ffc00000| PB 0x00000000ffc00000| Complete 
|2045|0x00000000ffd00000, 0x00000000ffe00000, 0x00000000ffe00000|100%| E|CS|TAMS 0x00000000ffd00000| PB 0x00000000ffd00000| Complete 
|2046|0x00000000ffe00000, 0x00000000fff00000, 0x00000000fff00000|100%| E|CS|TAMS 0x00000000ffe00000| PB 0x00000000ffe00000| Complete 
|2047|0x00000000fff00000, 0x0000000100000000, 0x0000000100000000|100%| O|  |TAMS 0x00000000fff00000| PB 0x00000000fff00000| Untracked 

Card table byte_map: [0x000002f6e42a0000,0x000002f6e46a0000] _byte_map_base: 0x000002f6e3ea0000

Marking Bits: (CMBitMap*) 0x000002f6cf92d610
 Bits: [0x000002f6e46a0000, 0x000002f6e66a0000)

Polling page: 0x000002f6cf7f0000

Metaspace:

Usage:
  Non-class:    171.94 MB used.
      Class:     23.95 MB used.
       Both:    195.89 MB used.

Virtual space:
  Non-class space:      192.00 MB reserved,     172.94 MB ( 90%) committed,  3 nodes.
      Class space:        1.00 GB reserved,      24.94 MB (  2%) committed,  1 nodes.
             Both:        1.19 GB reserved,     197.88 MB ( 16%) committed. 

Chunk freelists:
   Non-Class:  3.08 MB
       Class:  7.00 MB
        Both:  10.08 MB

MaxMetaspaceSize: unlimited
CompressedClassSpaceSize: 1.00 GB
Initial GC threshold: 21.00 MB
Current GC threshold: 329.81 MB
CDS: off
 - commit_granule_bytes: 65536.
 - commit_granule_words: 8192.
 - virtual_space_node_default_size: 8388608.
 - enlarge_chunks_in_place: 1.
 - use_allocation_guard: 0.


Internal statistics:

num_allocs_failed_limit: 12.
num_arena_births: 7206.
num_arena_deaths: 3470.
num_vsnodes_births: 4.
num_vsnodes_deaths: 0.
num_space_committed: 3164.
num_space_uncommitted: 1.
num_chunks_returned_to_freelist: 4207.
num_chunks_taken_from_freelist: 17704.
num_chunk_merges: 1425.
num_chunk_splits: 10146.
num_chunks_enlarged: 6153.
num_inconsistent_stats: 0.

CodeHeap 'non-profiled nmethods': size=120000Kb used=44155Kb max_used=44456Kb free=75844Kb
 bounds [0x000002f6dc640000, 0x000002f6df1b0000, 0x000002f6e3b70000]
CodeHeap 'profiled nmethods': size=120000Kb used=48142Kb max_used=49496Kb free=71857Kb
 bounds [0x000002f6d4b70000, 0x000002f6d7be0000, 0x000002f6dc0a0000]
CodeHeap 'non-nmethods': size=5760Kb used=3155Kb max_used=3251Kb free=2605Kb
 bounds [0x000002f6dc0a0000, 0x000002f6dc3e0000, 0x000002f6dc640000]
 total_blobs=27537 nmethods=26356 adapters=1080
 compilation: enabled
              stopped_count=0, restarted_count=0
 full_count=0

Compilation events (20 events):
Event: 27622.895 Thread 0x000002f6e9356970 nmethod 82832 0x000002f6d7400910 code [0x000002f6d7400ac0, 0x000002f6d7400c30]
Event: 27622.895 Thread 0x000002f6e9356970 82833       3       org.gradle.api.internal.tasks.TaskExecuterResult$1::getExecutionReasons (4 bytes)
Event: 27622.895 Thread 0x000002f6e9356970 nmethod 82833 0x000002f6d752a610 code [0x000002f6d752a7c0, 0x000002f6d752a930]
Event: 27622.902 Thread 0x000002f6e9356970 82834       3       com.google.common.reflect.TypeResolver::<init> (6 bytes)
Event: 27622.902 Thread 0x000002f6e9356970 nmethod 82834 0x000002f6d724bc10 code [0x000002f6d724bdc0, 0x000002f6d724bfe0]
Event: 27622.902 Thread 0x000002f6e9356970 82835       3       com.google.common.reflect.TypeResolver::<init> (10 bytes)
Event: 27622.902 Thread 0x000002f6e9356970 nmethod 82835 0x000002f6d752f190 code [0x000002f6d752f340, 0x000002f6d752f4f8]
Event: 27622.905 Thread 0x000002f6fe6ff390 82836       4       com.google.common.hash.MessageDigestHashFunction$MessageDigestHasher::update (15 bytes)
Event: 27622.907 Thread 0x000002f6fe6ff390 nmethod 82836 0x000002f6ddc50e10 code [0x000002f6ddc50fa0, 0x000002f6ddc510f8]
Event: 27622.945 Thread 0x000002f6fe6ff390 82837   !   4       java.util.concurrent.ThreadPoolExecutor::interruptIdleWorkers (120 bytes)
Event: 27623.059 Thread 0x000002f6fe6ff390 nmethod 82837 0x000002f6de4e1010 code [0x000002f6de4e1320, 0x000002f6de4e2c40]
Event: 27623.613 Thread 0x000002f6e9328e90 nmethod 82767% 0x000002f6deb48c90 code [0x000002f6deb49a40, 0x000002f6deb54250]
Event: 27662.921 Thread 0x000002f6e9328e90 82838   !   4       org.gradle.launcher.daemon.registry.PersistentDaemonRegistry::getDaemonsMatching (104 bytes)
Event: 27662.951 Thread 0x000002f6e9328e90 nmethod 82838 0x000002f6dd4ee490 code [0x000002f6dd4ee700, 0x000002f6dd4ef728]
Event: 27662.951 Thread 0x000002f6e9328e90 82839       4       org.gradle.launcher.daemon.registry.PersistentDaemonRegistry$1::isSatisfiedBy (9 bytes)
Event: 27662.952 Thread 0x000002f6e9328e90 nmethod 82839 0x000002f6dd4ee110 code [0x000002f6dd4ee2a0, 0x000002f6dd4ee380]
Event: 27952.914 Thread 0x000002f6e9328e90 82840       4       org.gradle.internal.jvm.Jvm::forHome (48 bytes)
Event: 27952.939 Thread 0x000002f6e9328e90 nmethod 82840 0x000002f6de60a910 code [0x000002f6de60aba0, 0x000002f6de60b960]
Event: 27952.939 Thread 0x000002f6e9328e90 82841       4       org.gradle.internal.jvm.Jvm::create (41 bytes)
Event: 27952.957 Thread 0x000002f6e9328e90 nmethod 82841 0x000002f6de4dfc90 code [0x000002f6de4dfea0, 0x000002f6de4e07d8]

GC Heap History (20 events):
Event: 26186.757 GC heap before
{Heap before GC invocations=289 (full 0):
 garbage-first heap   total 491520K, used 222661K [0x0000000080000000, 0x0000000100000000)
  region size 1024K, 30 young (30720K), 29 survivors (29696K)
 Metaspace       used 199949K, committed 201856K, reserved 1245184K
  class space    used 24482K, committed 25408K, reserved 1048576K
}
Event: 26186.777 GC heap after
{Heap after GC invocations=290 (full 0):
 garbage-first heap   total 491520K, used 225280K [0x0000000080000000, 0x0000000100000000)
  region size 1024K, 1 young (1024K), 1 survivors (1024K)
 Metaspace       used 199949K, committed 201856K, reserved 1245184K
  class space    used 24482K, committed 25408K, reserved 1048576K
}
Event: 26321.353 GC heap before
{Heap before GC invocations=291 (full 0):
 garbage-first heap   total 491520K, used 464896K [0x0000000080000000, 0x0000000100000000)
  region size 1024K, 210 young (215040K), 1 survivors (1024K)
 Metaspace       used 200308K, committed 202240K, reserved 1245184K
  class space    used 24519K, committed 25472K, reserved 1048576K
}
Event: 26321.369 GC heap after
{Heap after GC invocations=292 (full 0):
 garbage-first heap   total 491520K, used 233414K [0x0000000080000000, 0x0000000100000000)
  region size 1024K, 11 young (11264K), 11 survivors (11264K)
 Metaspace       used 200308K, committed 202240K, reserved 1245184K
  class space    used 24519K, committed 25472K, reserved 1048576K
}
Event: 26406.424 GC heap before
{Heap before GC invocations=292 (full 0):
 garbage-first heap   total 491520K, used 459718K [0x0000000080000000, 0x0000000100000000)
  region size 1024K, 216 young (221184K), 11 survivors (11264K)
 Metaspace       used 200414K, committed 202432K, reserved 1245184K
  class space    used 24524K, committed 25536K, reserved 1048576K
}
Event: 26406.440 GC heap after
{Heap after GC invocations=293 (full 0):
 garbage-first heap   total 491520K, used 233227K [0x0000000080000000, 0x0000000100000000)
  region size 1024K, 17 young (17408K), 17 survivors (17408K)
 Metaspace       used 200414K, committed 202432K, reserved 1245184K
  class space    used 24524K, committed 25536K, reserved 1048576K
}
Event: 26603.049 GC heap before
{Heap before GC invocations=293 (full 0):
 garbage-first heap   total 491520K, used 373515K [0x0000000080000000, 0x0000000100000000)
  region size 1024K, 156 young (159744K), 17 survivors (17408K)
 Metaspace       used 200437K, committed 202432K, reserved 1245184K
  class space    used 24524K, committed 25536K, reserved 1048576K
}
Event: 26603.062 GC heap after
{Heap after GC invocations=294 (full 0):
 garbage-first heap   total 491520K, used 232077K [0x0000000080000000, 0x0000000100000000)
  region size 1024K, 14 young (14336K), 14 survivors (14336K)
 Metaspace       used 200437K, committed 202432K, reserved 1245184K
  class space    used 24524K, committed 25536K, reserved 1048576K
}
Event: 26604.748 GC heap before
{Heap before GC invocations=295 (full 0):
 garbage-first heap   total 491520K, used 439949K [0x0000000080000000, 0x0000000100000000)
  region size 1024K, 221 young (226304K), 14 survivors (14336K)
 Metaspace       used 200470K, committed 202496K, reserved 1245184K
  class space    used 24525K, committed 25536K, reserved 1048576K
}
Event: 26604.766 GC heap after
{Heap after GC invocations=296 (full 0):
 garbage-first heap   total 491520K, used 231891K [0x0000000080000000, 0x0000000100000000)
  region size 1024K, 20 young (20480K), 20 survivors (20480K)
 Metaspace       used 200470K, committed 202496K, reserved 1245184K
  class space    used 24525K, committed 25536K, reserved 1048576K
}
Event: 27239.461 GC heap before
{Heap before GC invocations=296 (full 0):
 garbage-first heap   total 491520K, used 460243K [0x0000000080000000, 0x0000000100000000)
  region size 1024K, 229 young (234496K), 20 survivors (20480K)
 Metaspace       used 200518K, committed 202560K, reserved 1245184K
  class space    used 24525K, committed 25536K, reserved 1048576K
}
Event: 27239.474 GC heap after
{Heap after GC invocations=297 (full 0):
 garbage-first heap   total 491520K, used 213922K [0x0000000080000000, 0x0000000100000000)
  region size 1024K, 13 young (13312K), 13 survivors (13312K)
 Metaspace       used 200518K, committed 202560K, reserved 1245184K
  class space    used 24525K, committed 25536K, reserved 1048576K
}
Event: 27239.503 GC heap before
{Heap before GC invocations=297 (full 0):
 garbage-first heap   total 491520K, used 220066K [0x0000000080000000, 0x0000000100000000)
  region size 1024K, 20 young (20480K), 13 survivors (13312K)
 Metaspace       used 200518K, committed 202560K, reserved 1245184K
  class space    used 24525K, committed 25536K, reserved 1048576K
}
Event: 27239.513 GC heap after
{Heap after GC invocations=298 (full 0):
 garbage-first heap   total 491520K, used 215584K [0x0000000080000000, 0x0000000100000000)
  region size 1024K, 15 young (15360K), 15 survivors (15360K)
 Metaspace       used 200518K, committed 202560K, reserved 1245184K
  class space    used 24525K, committed 25536K, reserved 1048576K
}
Event: 27583.906 GC heap before
{Heap before GC invocations=299 (full 0):
 garbage-first heap   total 491520K, used 404000K [0x0000000080000000, 0x0000000100000000)
  region size 1024K, 204 young (208896K), 15 survivors (15360K)
 Metaspace       used 200548K, committed 202624K, reserved 1245184K
  class space    used 24525K, committed 25536K, reserved 1048576K
}
Event: 27583.912 GC heap after
{Heap after GC invocations=300 (full 0):
 garbage-first heap   total 491520K, used 185419K [0x0000000080000000, 0x0000000100000000)
  region size 1024K, 3 young (3072K), 3 survivors (3072K)
 Metaspace       used 200548K, committed 202624K, reserved 1245184K
  class space    used 24525K, committed 25536K, reserved 1048576K
}
Event: 27622.185 GC heap before
{Heap before GC invocations=300 (full 0):
 garbage-first heap   total 491520K, used 418891K [0x0000000080000000, 0x0000000100000000)
  region size 1024K, 228 young (233472K), 3 survivors (3072K)
 Metaspace       used 200559K, committed 202624K, reserved 1245184K
  class space    used 24525K, committed 25536K, reserved 1048576K
}
Event: 27622.203 GC heap after
{Heap after GC invocations=301 (full 0):
 garbage-first heap   total 491520K, used 200925K [0x0000000080000000, 0x0000000100000000)
  region size 1024K, 23 young (23552K), 23 survivors (23552K)
 Metaspace       used 200559K, committed 202624K, reserved 1245184K
  class space    used 24525K, committed 25536K, reserved 1048576K
}
Event: 27622.789 GC heap before
{Heap before GC invocations=301 (full 0):
 garbage-first heap   total 491520K, used 265437K [0x0000000080000000, 0x0000000100000000)
  region size 1024K, 88 young (90112K), 23 survivors (23552K)
 Metaspace       used 200586K, committed 202624K, reserved 1245184K
  class space    used 24526K, committed 25536K, reserved 1048576K
}
Event: 27622.798 GC heap after
{Heap after GC invocations=302 (full 0):
 garbage-first heap   total 491520K, used 188413K [0x0000000080000000, 0x0000000100000000)
  region size 1024K, 3 young (3072K), 3 survivors (3072K)
 Metaspace       used 200586K, committed 202624K, reserved 1245184K
  class space    used 24526K, committed 25536K, reserved 1048576K
}

Dll operation events (3 events):
Event: 0.010 Loaded shared library C:\Users\PC\Desktop\Новая папка\jbr\bin\java.dll
Event: 0.017 Loaded shared library C:\Users\PC\Desktop\Новая папка\jbr\bin\zip.dll
Event: 0.955 Loaded shared library C:\Users\PC\Desktop\Новая папка\jbr\bin\verify.dll

Deoptimization events (20 events):
Event: 27241.048 Thread 0x000002f685e4a4a0 Uncommon trap: trap_request=0xffffffde fr.pc=0x000002f6de50df5c relative=0x0000000000000b9c
Event: 27241.048 Thread 0x000002f685e4a4a0 Uncommon trap: reason=class_check action=maybe_recompile pc=0x000002f6de50df5c method=com.android.tools.r8.internal.X5.a(Ljava/util/List;)V @ 129 c2
Event: 27241.048 Thread 0x000002f685e4a4a0 DEOPT PACKING pc=0x000002f6de50df5c sp=0x000000fdcd4fd090
Event: 27241.048 Thread 0x000002f685e4a4a0 DEOPT UNPACKING pc=0x000002f6dc0f46a2 sp=0x000000fdcd4fd088 mode 2
Event: 27241.051 Thread 0x000002f685e4a4a0 Uncommon trap: trap_request=0xffffffde fr.pc=0x000002f6deead520 relative=0x00000000000021e0
Event: 27241.051 Thread 0x000002f685e4a4a0 Uncommon trap: reason=class_check action=maybe_recompile pc=0x000002f6deead520 method=com.android.tools.r8.internal.oS.g()V @ 97 c2
Event: 27241.051 Thread 0x000002f685e4a4a0 DEOPT PACKING pc=0x000002f6deead520 sp=0x000000fdcd4fcea0
Event: 27241.051 Thread 0x000002f685e4a4a0 DEOPT UNPACKING pc=0x000002f6dc0f46a2 sp=0x000000fdcd4fce80 mode 2
Event: 27241.461 Thread 0x000002f6f854d7c0 DEOPT PACKING pc=0x000002f6d5efddde sp=0x000000fdcd9fd0b0
Event: 27241.461 Thread 0x000002f6f854d7c0 DEOPT UNPACKING pc=0x000002f6dc0f4e42 sp=0x000000fdcd9fc530 mode 0
Event: 27584.911 Thread 0x000002f6e9895650 Uncommon trap: trap_request=0xffffff45 fr.pc=0x000002f6ddb314c8 relative=0x00000000000009c8
Event: 27584.911 Thread 0x000002f6e9895650 Uncommon trap: reason=unstable_if action=reinterpret pc=0x000002f6ddb314c8 method=com.fasterxml.jackson.core.json.WriterBasedJsonGenerator.writeString(Ljava/lang/String;)V @ 63 c2
Event: 27584.911 Thread 0x000002f6e9895650 DEOPT PACKING pc=0x000002f6ddb314c8 sp=0x000000fdccefe9f0
Event: 27584.911 Thread 0x000002f6e9895650 DEOPT UNPACKING pc=0x000002f6dc0f46a2 sp=0x000000fdccefe9c8 mode 2
Event: 27621.938 Thread 0x000002f685e4b1c0 Uncommon trap: trap_request=0xffffff45 fr.pc=0x000002f6df1453b4 relative=0x0000000000002a14
Event: 27621.938 Thread 0x000002f685e4b1c0 Uncommon trap: reason=unstable_if action=reinterpret pc=0x000002f6df1453b4 method=com.sun.tools.javac.parser.JavacParser.analyzeParens()Lcom/sun/tools/javac/parser/JavacParser$ParensResult; @ 36 c2
Event: 27621.938 Thread 0x000002f685e4b1c0 DEOPT PACKING pc=0x000002f6df1453b4 sp=0x000000fdcacf9a00
Event: 27621.938 Thread 0x000002f685e4b1c0 DEOPT UNPACKING pc=0x000002f6dc0f46a2 sp=0x000000fdcacf99e0 mode 2
Event: 27622.716 Thread 0x000002f6fd11d730 DEOPT PACKING pc=0x000002f6d6e4bc15 sp=0x000000fdcaefcab0
Event: 27622.716 Thread 0x000002f6fd11d730 DEOPT UNPACKING pc=0x000002f6dc0f4e42 sp=0x000000fdcaefbfa8 mode 0

Classes loaded (20 events):
Event: 16195.061 Loading class java/util/TreeMap$DescendingSubMap
Event: 16195.061 Loading class java/util/TreeMap$DescendingSubMap done
Event: 16195.061 Loading class java/util/TreeMap$DescendingSubMap$DescendingEntrySetView
Event: 16195.062 Loading class java/util/TreeMap$DescendingSubMap$DescendingEntrySetView done
Event: 16195.062 Loading class java/util/TreeMap$NavigableSubMap$DescendingSubMapEntryIterator
Event: 16195.062 Loading class java/util/TreeMap$NavigableSubMap$DescendingSubMapEntryIterator done
Event: 16195.070 Loading class com/sun/org/apache/xerces/internal/dom/DeepNodeListImpl
Event: 16195.070 Loading class com/sun/org/apache/xerces/internal/dom/DeepNodeListImpl done
Event: 18250.267 Loading class sun/nio/cs/MS1252
Event: 18250.268 Loading class sun/nio/cs/MS1252 done
Event: 18250.269 Loading class sun/nio/cs/MS1252$Holder
Event: 18250.269 Loading class sun/nio/cs/MS1252$Holder done
Event: 25006.703 Loading class com/sun/org/apache/xerces/internal/dom/DeferredDOMImplementationImpl
Event: 25006.704 Loading class com/sun/org/apache/xerces/internal/dom/DeferredDOMImplementationImpl done
Event: 25007.460 Loading class java/lang/StringUTF16$CodePointsSpliterator
Event: 25007.461 Loading class java/lang/StringUTF16$CodePointsSpliterator done
Event: 25007.461 Loading class java/util/Spliterators$2Adapter
Event: 25007.461 Loading class java/util/Spliterators$2Adapter done
Event: 26186.907 Loading class java/lang/CharacterData01
Event: 26186.908 Loading class java/lang/CharacterData01 done

Classes unloaded (20 events):
Event: 20193.796 Thread 0x000002f6e929f220 Unloading class 0x0000000101863800 'jdk/internal/reflect/GeneratedSerializationConstructorAccessor423'
Event: 20193.796 Thread 0x000002f6e929f220 Unloading class 0x0000000101863400 'jdk/internal/reflect/GeneratedSerializationConstructorAccessor422'
Event: 20193.796 Thread 0x000002f6e929f220 Unloading class 0x0000000101863000 'jdk/internal/reflect/GeneratedSerializationConstructorAccessor421'
Event: 20193.796 Thread 0x000002f6e929f220 Unloading class 0x0000000101862c00 'jdk/internal/reflect/GeneratedSerializationConstructorAccessor420'
Event: 20193.796 Thread 0x000002f6e929f220 Unloading class 0x0000000101862800 'jdk/internal/reflect/GeneratedSerializationConstructorAccessor419'
Event: 21883.443 Thread 0x000002f6e929f220 Unloading class 0x0000000100d0c800 'java/lang/invoke/LambdaForm$MH+0x0000000100d0c800'
Event: 21883.443 Thread 0x000002f6e929f220 Unloading class 0x0000000100cff800 'java/lang/invoke/LambdaForm$MH+0x0000000100cff800'
Event: 23186.367 Thread 0x000002f6e929f220 Unloading class 0x0000000101891400 'jdk/internal/reflect/GeneratedSerializationConstructorAccessor471'
Event: 25006.606 Thread 0x000002f6e929f220 Unloading class 0x00000001018a2000 'java/lang/invoke/LambdaForm$MH+0x00000001018a2000'
Event: 25006.606 Thread 0x000002f6e929f220 Unloading class 0x00000001018a1800 'java/lang/invoke/LambdaForm$MH+0x00000001018a1800'
Event: 25006.606 Thread 0x000002f6e929f220 Unloading class 0x00000001018a1000 'java/lang/invoke/LambdaForm$MH+0x00000001018a1000'
Event: 25006.606 Thread 0x000002f6e929f220 Unloading class 0x00000001018a0800 'java/lang/invoke/LambdaForm$MH+0x00000001018a0800'
Event: 25006.606 Thread 0x000002f6e929f220 Unloading class 0x00000001018a0000 'java/lang/invoke/LambdaForm$MH+0x00000001018a0000'
Event: 26186.979 Thread 0x000002f6e929f220 Unloading class 0x00000001018a6000 'jdk/internal/reflect/GeneratedSerializationConstructorAccessor479'
Event: 26186.979 Thread 0x000002f6e929f220 Unloading class 0x00000001018a1c00 'java/lang/invoke/LambdaForm$MH+0x00000001018a1c00'
Event: 26186.979 Thread 0x000002f6e929f220 Unloading class 0x00000001018a1400 'java/lang/invoke/LambdaForm$MH+0x00000001018a1400'
Event: 26186.979 Thread 0x000002f6e929f220 Unloading class 0x00000001018a0400 'java/lang/invoke/LambdaForm$MH+0x00000001018a0400'
Event: 26186.979 Thread 0x000002f6e929f220 Unloading class 0x000000010189e000 'java/lang/invoke/LambdaForm$MH+0x000000010189e000'
Event: 26186.979 Thread 0x000002f6e929f220 Unloading class 0x000000010189dc00 'java/lang/invoke/LambdaForm$MH+0x000000010189dc00'
Event: 27622.953 Thread 0x000002f6e929f220 Unloading class 0x0000000101891400 'jdk/internal/reflect/GeneratedSerializationConstructorAccessor472'

Classes redefined (0 events):
No events

Internal exceptions (20 events):
Event: 27623.095 Thread 0x000002f6e9897090 Exception <a 'sun/nio/fs/WindowsException'{0x00000000ff282fd0}> (0x00000000ff282fd0) 
thrown [s\src\hotspot\share\prims\jni.cpp, line 535]
Event: 27623.095 Thread 0x000002f6e9897090 Exception <a 'sun/nio/fs/WindowsException'{0x00000000ff283a98}> (0x00000000ff283a98) 
thrown [s\src\hotspot\share\prims\jni.cpp, line 535]
Event: 27623.095 Thread 0x000002f6e9897090 Exception <a 'sun/nio/fs/WindowsException'{0x00000000ff2845b8}> (0x00000000ff2845b8) 
thrown [s\src\hotspot\share\prims\jni.cpp, line 535]
Event: 27623.097 Thread 0x000002f6e9897090 Exception <a 'sun/nio/fs/WindowsException'{0x00000000ff28c550}> (0x00000000ff28c550) 
thrown [s\src\hotspot\share\prims\jni.cpp, line 535]
Event: 27623.097 Thread 0x000002f6e9897090 Exception <a 'sun/nio/fs/WindowsException'{0x00000000ff28d038}> (0x00000000ff28d038) 
thrown [s\src\hotspot\share\prims\jni.cpp, line 535]
Event: 27623.097 Thread 0x000002f6e9897090 Exception <a 'sun/nio/fs/WindowsException'{0x00000000ff28db80}> (0x00000000ff28db80) 
thrown [s\src\hotspot\share\prims\jni.cpp, line 535]
Event: 27623.100 Thread 0x000002f6e9897090 Exception <a 'sun/nio/fs/WindowsException'{0x00000000ff299548}> (0x00000000ff299548) 
thrown [s\src\hotspot\share\prims\jni.cpp, line 535]
Event: 27623.100 Thread 0x000002f6e9897090 Exception <a 'sun/nio/fs/WindowsException'{0x00000000ff29a028}> (0x00000000ff29a028) 
thrown [s\src\hotspot\share\prims\jni.cpp, line 535]
Event: 27623.100 Thread 0x000002f6e9897090 Exception <a 'sun/nio/fs/WindowsException'{0x00000000ff29ab50}> (0x00000000ff29ab50) 
thrown [s\src\hotspot\share\prims\jni.cpp, line 535]
Event: 27623.101 Thread 0x000002f6e9897090 Exception <a 'sun/nio/fs/WindowsException'{0x00000000ff29ecf0}> (0x00000000ff29ecf0) 
thrown [s\src\hotspot\share\prims\jni.cpp, line 535]
Event: 27623.101 Thread 0x000002f6e9897090 Exception <a 'sun/nio/fs/WindowsException'{0x00000000ff29f7f0}> (0x00000000ff29f7f0) 
thrown [s\src\hotspot\share\prims\jni.cpp, line 535]
Event: 27623.101 Thread 0x000002f6e9897090 Exception <a 'sun/nio/fs/WindowsException'{0x00000000ff2a0350}> (0x00000000ff2a0350) 
thrown [s\src\hotspot\share\prims\jni.cpp, line 535]
Event: 27623.103 Thread 0x000002f6e9897090 Exception <a 'sun/nio/fs/WindowsException'{0x00000000ff2a5298}> (0x00000000ff2a5298) 
thrown [s\src\hotspot\share\prims\jni.cpp, line 535]
Event: 28210.109 Thread 0x000002f6fd838720 Exception <a 'sun/nio/fs/WindowsException'{0x00000000fe4b3660}> (0x00000000fe4b3660) 
thrown [s\src\hotspot\share\prims\jni.cpp, line 535]
Event: 28210.110 Thread 0x000002f6fd838720 Exception <a 'sun/nio/fs/WindowsException'{0x00000000fe4b4a18}> (0x00000000fe4b4a18) 
thrown [s\src\hotspot\share\prims\jni.cpp, line 535]
Event: 28210.110 Thread 0x000002f6fd838720 Exception <a 'sun/nio/fs/WindowsException'{0x00000000fe4b5dc0}> (0x00000000fe4b5dc0) 
thrown [s\src\hotspot\share\prims\jni.cpp, line 535]
Event: 28210.110 Thread 0x000002f6fd838720 Exception <a 'sun/nio/fs/WindowsException'{0x00000000fe4b7140}> (0x00000000fe4b7140) 
thrown [s\src\hotspot\share\prims\jni.cpp, line 535]
Event: 28210.122 Thread 0x000002f6fd838720 Exception <a 'sun/nio/fs/WindowsException'{0x00000000fe31cfd8}> (0x00000000fe31cfd8) 
thrown [s\src\hotspot\share\prims\jni.cpp, line 535]
Event: 28210.122 Thread 0x000002f6fd838720 Exception <a 'sun/nio/fs/WindowsException'{0x00000000fe31e568}> (0x00000000fe31e568) 
thrown [s\src\hotspot\share\prims\jni.cpp, line 535]
Event: 28210.122 Thread 0x000002f6fd838720 Implicit null exception at 0x000002f6dd7fec62 to 0x0000000000000000

ZGC Phase Switch (0 events):
No events

VM Operations (20 events):
Event: 27585.929 Executing VM operation: Cleanup
Event: 27585.930 Executing VM operation: Cleanup done
Event: 27599.625 Executing VM operation: HandshakeAllThreads (HandshakeForDeflation)
Event: 27599.625 Executing VM operation: HandshakeAllThreads (HandshakeForDeflation) done
Event: 27599.625 Executing VM operation: RendezvousGCThreads
Event: 27599.625 Executing VM operation: RendezvousGCThreads done
Event: 27621.765 Executing VM operation: Cleanup
Event: 27621.765 Executing VM operation: Cleanup done
Event: 27622.185 Executing VM operation: G1CollectForAllocation (G1 Evacuation Pause)
Event: 27622.203 Executing VM operation: G1CollectForAllocation (G1 Evacuation Pause) done
Event: 27622.788 Executing VM operation: G1TryInitiateConcMark (G1 Humongous Allocation)
Event: 27622.798 Executing VM operation: G1TryInitiateConcMark (G1 Humongous Allocation) done
Event: 27622.952 Executing VM operation: G1PauseRemark
Event: 27622.985 Executing VM operation: G1PauseRemark done
Event: 27623.114 Executing VM operation: G1PauseCleanup
Event: 27623.115 Executing VM operation: G1PauseCleanup done
Event: 27659.709 Executing VM operation: HandshakeAllThreads (HandshakeForDeflation)
Event: 27659.710 Executing VM operation: HandshakeAllThreads (HandshakeForDeflation) done
Event: 27659.710 Executing VM operation: RendezvousGCThreads
Event: 27659.710 Executing VM operation: RendezvousGCThreads done

Memory protections (0 events):
No events

Nmethod flushes (20 events):
Event: 27622.983 Thread 0x000002f6e929f220 flushing  nmethod 0x000002f6d6870e10
Event: 27622.983 Thread 0x000002f6e929f220 flushing  nmethod 0x000002f6d6fe8d90
Event: 27622.983 Thread 0x000002f6e929f220 flushing  nmethod 0x000002f6d7668590
Event: 27622.983 Thread 0x000002f6e929f220 flushing  nmethod 0x000002f6d7668a10
Event: 27622.983 Thread 0x000002f6e929f220 flushing  nmethod 0x000002f6d766a310
Event: 27622.983 Thread 0x000002f6e929f220 flushing  nmethod 0x000002f6d766a990
Event: 27622.983 Thread 0x000002f6e929f220 flushing  nmethod 0x000002f6de383490
Event: 27622.983 Thread 0x000002f6e929f220 flushing  nmethod 0x000002f6d526ab10
Event: 27622.983 Thread 0x000002f6e929f220 flushing  nmethod 0x000002f6d591c110
Event: 27622.983 Thread 0x000002f6e929f220 flushing  nmethod 0x000002f6d5969890
Event: 27622.983 Thread 0x000002f6e929f220 flushing  nmethod 0x000002f6d5a02d90
Event: 27622.983 Thread 0x000002f6e929f220 flushing  nmethod 0x000002f6d5a52b10
Event: 27622.983 Thread 0x000002f6e929f220 flushing  nmethod 0x000002f6d5bda410
Event: 27622.983 Thread 0x000002f6e929f220 flushing  nmethod 0x000002f6d5ca7510
Event: 27622.983 Thread 0x000002f6e929f220 flushing  nmethod 0x000002f6d686af90
Event: 27622.983 Thread 0x000002f6e929f220 flushing  nmethod 0x000002f6d7b02710
Event: 27622.983 Thread 0x000002f6e929f220 flushing  nmethod 0x000002f6d7b10390
Event: 27622.983 Thread 0x000002f6e929f220 flushing  nmethod 0x000002f6d7b10990
Event: 27622.983 Thread 0x000002f6e929f220 flushing  nmethod 0x000002f6d7b11390
Event: 27622.983 Thread 0x000002f6e929f220 flushing  nmethod 0x000002f6d7b15f90

Events (20 events):
Event: 27683.007 Thread 0x000002f6fd85a150 Thread exited: 0x000002f6fd85a150
Event: 27683.113 Thread 0x000002f6e9897090 Thread exited: 0x000002f6e9897090
Event: 27691.404 Thread 0x000002f6fd657200 Thread exited: 0x000002f6fd657200
Event: 27699.983 Thread 0x000002f6f6bcc290 Thread exited: 0x000002f6f6bcc290
Event: 27708.569 Thread 0x000002f687b35490 Thread exited: 0x000002f687b35490
Event: 27717.140 Thread 0x000002f6fd838720 Thread exited: 0x000002f6fd838720
Event: 27725.718 Thread 0x000002f6f6bd2b90 Thread exited: 0x000002f6f6bd2b90
Event: 27734.302 Thread 0x000002f6f7f7b6d0 Thread exited: 0x000002f6f7f7b6d0
Event: 28210.042 Thread 0x000002f6f22a2200 Thread added: 0x000002f6f7f7ca80
Event: 28210.042 Thread 0x000002f6f7f7ca80 Thread added: 0x000002f6fd836650
Event: 28210.045 Thread 0x000002f6f7f7ca80 Thread added: 0x000002f6fd837370
Event: 28210.049 Thread 0x000002f6f7f7ca80 Thread added: 0x000002f6fd838720
Event: 28210.051 Thread 0x000002f6fd838720 Thread added: 0x000002f6f7f7b040
Event: 28210.051 Thread 0x000002f6fd838720 Thread added: 0x000002f6f7f79c90
Event: 28210.052 Thread 0x000002f6fd838720 Thread added: 0x000002f6f7f7b6d0
Event: 28210.060 Thread 0x000002f6fd838720 Thread added: 0x000002f6f7f7d110
Event: 28210.072 Thread 0x000002f6fd838720 Thread added: 0x000002f6f7f7d7a0
Event: 28210.096 Thread 0x000002f6fd838720 Thread added: 0x000002f6fdc192b0
Event: 28210.100 Thread 0x000002f6fd838720 Thread added: 0x000002f6fdc1ba10
Event: 28210.105 Thread 0x000002f6fd838720 Thread added: 0x000002f6fdc19940


Dynamic libraries:
0x00007ff6a0d20000 - 0x00007ff6a0d2a000 	C:\Users\PC\Desktop\Новая папка\jbr\bin\java.exe
0x00007fff1a470000 - 0x00007fff1a668000 	C:\Windows\SYSTEM32\ntdll.dll
0x00007fff18d40000 - 0x00007fff18e02000 	C:\Windows\System32\KERNEL32.DLL
0x00007fff17cb0000 - 0x00007fff17fa6000 	C:\Windows\System32\KERNELBASE.dll
0x00007fff18120000 - 0x00007fff18220000 	C:\Windows\System32\ucrtbase.dll
0x00007ffec9c20000 - 0x00007ffec9c3b000 	C:\Users\PC\Desktop\Новая папка\jbr\bin\VCRUNTIME140.dll
0x00007ffefa560000 - 0x00007ffefa578000 	C:\Users\PC\Desktop\Новая папка\jbr\bin\jli.dll
0x00007fff18760000 - 0x00007fff18901000 	C:\Windows\System32\USER32.dll
0x00007fff18460000 - 0x00007fff18482000 	C:\Windows\System32\win32u.dll
0x00007fff18f90000 - 0x00007fff18fbb000 	C:\Windows\System32\GDI32.dll
0x00007ffefeaf0000 - 0x00007ffefed8b000 	C:\Windows\WinSxS\amd64_microsoft.windows.common-controls_6595b64144ccf1df_6.0.19041.6456_none_60b8a6cb71f64256\COMCTL32.dll
0x00007fff17b00000 - 0x00007fff17c19000 	C:\Windows\System32\gdi32full.dll
0x00007fff18ac0000 - 0x00007fff18b5e000 	C:\Windows\System32\msvcrt.dll
0x00007fff17fb0000 - 0x00007fff1804d000 	C:\Windows\System32\msvcp_win.dll
0x00007fff19f40000 - 0x00007fff19f6f000 	C:\Windows\System32\IMM32.DLL
0x00007ffec9c40000 - 0x00007ffec9c4c000 	C:\Users\PC\Desktop\Новая папка\jbr\bin\vcruntime140_1.dll
0x00007ffeecb10000 - 0x00007ffeecb9d000 	C:\Users\PC\Desktop\Новая папка\jbr\bin\msvcp140.dll
0x00007ffec9c50000 - 0x00007ffeca8db000 	C:\Users\PC\Desktop\Новая папка\jbr\bin\server\jvm.dll
0x00007fff1a010000 - 0x00007fff1a0c1000 	C:\Windows\System32\ADVAPI32.dll
0x00007fff19f70000 - 0x00007fff1a00f000 	C:\Windows\System32\sechost.dll
0x00007fff189a0000 - 0x00007fff18ac0000 	C:\Windows\System32\RPCRT4.dll
0x00007fff182d0000 - 0x00007fff182f7000 	C:\Windows\System32\bcrypt.dll
0x00007fff18fc0000 - 0x00007fff1902b000 	C:\Windows\System32\WS2_32.dll
0x00007fff17040000 - 0x00007fff1708b000 	C:\Windows\SYSTEM32\POWRPROF.dll
0x00007fff0d1f0000 - 0x00007fff0d217000 	C:\Windows\SYSTEM32\WINMM.dll
0x00007fff15a70000 - 0x00007fff15a7a000 	C:\Windows\SYSTEM32\VERSION.dll
0x00007fff16f00000 - 0x00007fff16f12000 	C:\Windows\SYSTEM32\UMPDC.dll
0x00007fff16330000 - 0x00007fff16342000 	C:\Windows\SYSTEM32\kernel.appcore.dll
0x00007ffec99d0000 - 0x00007ffec99da000 	C:\Users\PC\Desktop\Новая папка\jbr\bin\jimage.dll
0x00007fff0fc00000 - 0x00007fff0fe01000 	C:\Windows\SYSTEM32\DBGHELP.DLL
0x00007ffef8760000 - 0x00007ffef8794000 	C:\Windows\SYSTEM32\dbgcore.DLL
0x00007fff17c20000 - 0x00007fff17ca2000 	C:\Windows\System32\bcryptPrimitives.dll
0x00007fff139b0000 - 0x00007fff139be000 	C:\Users\PC\Desktop\Новая папка\jbr\bin\instrument.dll
0x00007ffec96a0000 - 0x00007ffec96c0000 	C:\Users\PC\Desktop\Новая папка\jbr\bin\java.dll
0x00007ffec9570000 - 0x00007ffec9588000 	C:\Users\PC\Desktop\Новая папка\jbr\bin\zip.dll
0x00007fff19690000 - 0x00007fff19e00000 	C:\Windows\System32\SHELL32.dll
0x00007fff15b70000 - 0x00007fff16315000 	C:\Windows\SYSTEM32\windows.storage.dll
0x00007fff1a0d0000 - 0x00007fff1a424000 	C:\Windows\System32\combase.dll
0x00007fff17530000 - 0x00007fff1755b000 	C:\Windows\SYSTEM32\Wldp.dll
0x00007fff195c0000 - 0x00007fff1968d000 	C:\Windows\System32\OLEAUT32.dll
0x00007fff184a0000 - 0x00007fff1854d000 	C:\Windows\System32\SHCORE.dll
0x00007fff18f30000 - 0x00007fff18f8b000 	C:\Windows\System32\shlwapi.dll
0x00007fff17a30000 - 0x00007fff17a54000 	C:\Windows\SYSTEM32\profapi.dll
0x00007ffec6bc0000 - 0x00007ffec6bd0000 	C:\Users\PC\Desktop\Новая папка\jbr\bin\net.dll
0x00007fff10810000 - 0x00007fff1091a000 	C:\Windows\SYSTEM32\WINHTTP.dll
0x00007fff17290000 - 0x00007fff172fa000 	C:\Windows\system32\mswsock.dll
0x00007ffec6ba0000 - 0x00007ffec6bb6000 	C:\Users\PC\Desktop\Новая папка\jbr\bin\nio.dll
0x00007ffefa4c0000 - 0x00007ffefa4d0000 	C:\Users\PC\Desktop\Новая папка\jbr\bin\verify.dll
0x00007ffeec9f0000 - 0x00007ffeeca17000 	C:\Users\PC\.gradle\native\c067742578af261105cb4f569cf0c3c89f3d7b1fecec35dd04571415982c5e48\windows-amd64\native-platform.dll
0x00007ffeeb0f0000 - 0x00007ffeeb234000 	C:\Users\PC\.gradle\native\100fb08df4bc3b14c8652ba06237920a3bd2aa13389f12d3474272988ae205f9\windows-amd64\native-platform-file-events.dll
0x00007ffeb0040000 - 0x00007ffeb0049000 	C:\Users\PC\Desktop\Новая папка\jbr\bin\management.dll
0x00007ffeb0030000 - 0x00007ffeb003b000 	C:\Users\PC\Desktop\Новая папка\jbr\bin\management_ext.dll
0x00007fff18490000 - 0x00007fff18498000 	C:\Windows\System32\PSAPI.DLL
0x00007fff17490000 - 0x00007fff174a8000 	C:\Windows\SYSTEM32\CRYPTSP.dll
0x00007fff16b40000 - 0x00007fff16b78000 	C:\Windows\system32\rsaenh.dll
0x00007fff179b0000 - 0x00007fff179de000 	C:\Windows\SYSTEM32\USERENV.dll
0x00007fff17480000 - 0x00007fff1748c000 	C:\Windows\SYSTEM32\CRYPTBASE.dll
0x00007fff16f20000 - 0x00007fff16f5b000 	C:\Windows\SYSTEM32\IPHLPAPI.DLL
0x00007fff18990000 - 0x00007fff18998000 	C:\Windows\System32\NSI.dll
0x00007ffeb00a0000 - 0x00007ffeb00a9000 	C:\Users\PC\Desktop\Новая папка\jbr\bin\extnet.dll
0x00007ffeb17e0000 - 0x00007ffeb17e7000 	C:\Windows\system32\wshunix.dll
0x00007fff16d90000 - 0x00007fff16dc3000 	C:\Windows\SYSTEM32\ntmarta.dll
0x00007fff16f70000 - 0x00007fff1703a000 	C:\Windows\SYSTEM32\DNSAPI.dll
0x00007fff10e40000 - 0x00007fff10e4a000 	C:\Windows\System32\rasadhlp.dll
0x00007fff0f6b0000 - 0x00007fff0f730000 	C:\Windows\System32\fwpuclnt.dll

dbghelp: loaded successfully - version: 4.0.5 - missing functions: none
symbol engine: initialized successfully - sym options: 0x614 - pdb path: .;C:\Users\PC\Desktop\Новая папка\jbr\bin;C:\Windows\SYSTEM32;C:\Windows\WinSxS\amd64_microsoft.windows.common-controls_6595b64144ccf1df_6.0.19041.6456_none_60b8a6cb71f64256;C:\Users\PC\Desktop\Новая папка\jbr\bin\server;C:\Users\PC\.gradle\native\c067742578af261105cb4f569cf0c3c89f3d7b1fecec35dd04571415982c5e48\windows-amd64;C:\Users\PC\.gradle\native\100fb08df4bc3b14c8652ba06237920a3bd2aa13389f12d3474272988ae205f9\windows-amd64

VM Arguments:
jvm_args: --add-opens=java.base/java.lang=ALL-UNNAMED --add-opens=java.base/java.lang.invoke=ALL-UNNAMED --add-opens=java.base/java.util=ALL-UNNAMED --add-opens=java.prefs/java.util.prefs=ALL-UNNAMED --add-exports=jdk.compiler/com.sun.tools.javac.api=ALL-UNNAMED --add-exports=jdk.compiler/com.sun.tools.javac.util=ALL-UNNAMED --add-opens=java.base/java.util=ALL-UNNAMED --add-opens=java.prefs/java.util.prefs=ALL-UNNAMED --add-opens=java.base/java.nio.charset=ALL-UNNAMED --add-opens=java.base/java.net=ALL-UNNAMED --add-opens=java.base/java.util.concurrent.atomic=ALL-UNNAMED --add-opens=java.xml/javax.xml.namespace=ALL-UNNAMED -Xmx2048m -Dfile.encoding=UTF-8 -Duser.country=RU -Duser.language=ru -Duser.variant -javaagent:C:\Users\PC\.gradle\wrapper\dists\gradle-8.11.1-bin\bpt9gzteqjrbo1mjrsomdt32c\gradle-8.11.1\lib\agents\gradle-instrumentation-agent-8.11.1.jar 
java_command: org.gradle.launcher.daemon.bootstrap.GradleDaemon 8.11.1
java_class_path (initial): C:\Users\PC\.gradle\wrapper\dists\gradle-8.11.1-bin\bpt9gzteqjrbo1mjrsomdt32c\gradle-8.11.1\lib\gradle-daemon-main-8.11.1.jar
Launcher Type: SUN_STANDARD

[Global flags]
     intx CICompilerCount                          = 4                                         {product} {ergonomic}
     uint ConcGCThreads                            = 2                                         {product} {ergonomic}
     uint G1ConcRefinementThreads                  = 8                                         {product} {ergonomic}
   size_t G1HeapRegionSize                         = 1048576                                   {product} {ergonomic}
    uintx GCDrainStackTargetSize                   = 64                                        {product} {ergonomic}
   size_t InitialHeapSize                          = 268435456                                 {product} {ergonomic}
   size_t MarkStackSize                            = 4194304                                   {product} {ergonomic}
   size_t MaxHeapSize                              = 2147483648                                {product} {command line}
   size_t MaxNewSize                               = 1287651328                                {product} {ergonomic}
   size_t MinHeapDeltaBytes                        = 1048576                                   {product} {ergonomic}
   size_t MinHeapSize                              = 8388608                                   {product} {ergonomic}
    uintx NonNMethodCodeHeapSize                   = 5839372                                {pd product} {ergonomic}
    uintx NonProfiledCodeHeapSize                  = 122909434                              {pd product} {ergonomic}
    uintx ProfiledCodeHeapSize                     = 122909434                              {pd product} {ergonomic}
    uintx ReservedCodeCacheSize                    = 251658240                              {pd product} {ergonomic}
     bool SegmentedCodeCache                       = true                                      {product} {ergonomic}
   size_t SoftMaxHeapSize                          = 2147483648                             {manageable} {ergonomic}
     bool UseCompressedOops                        = true                           {product lp64_product} {ergonomic}
     bool UseG1GC                                  = true                                      {product} {ergonomic}
     bool UseLargePagesIndividualAllocation        = false                                  {pd product} {ergonomic}

Logging:
Log output configuration:
 #0: stdout all=warning uptime,level,tags foldmultilines=false
 #1: stderr all=off uptime,level,tags foldmultilines=false

Environment Variables:
PATH=C:\ProgramData\Oracle\Java\javapath;C:\Windows\system32;C:\Windows;C:\Windows\System32\Wbem;C:\Windows\System32\WindowsPowerShell\v1.0\;C:\Windows\System32\OpenSSH\;C:\Program Files\Microsoft SQL Server\Client SDK\ODBC\170\Tools\Binn\;C:\Program Files (x86)\Microsoft SQL Server\150\Tools\Binn\;C:\Program Files\Microsoft SQL Server\150\Tools\Binn\;C:\Program Files\Microsoft SQL Server\150\DTS\Binn\;C:\Program Files\Git\cmd;C:\Program Files\PostgreSQL\18\bin;C:\Program Files\Git\usr\bin;C:\Users\PC\AppData\Local\Microsoft\WindowsApps;
USERNAME=PC
OS=Windows_NT
PROCESSOR_IDENTIFIER=Intel64 Family 6 Model 60 Stepping 3, GenuineIntel
TMP=C:\Users\PC\AppData\Local\Temp
TEMP=C:\Users\PC\AppData\Local\Temp




Periodic native trim disabled

JNI global refs:
JNI global refs: 30, weak refs: 0

JNI global refs memory usage: 835, weak refs: 1025

Process memory usage:
Resident Set Size: 897080K (5% of 16727696K total physical memory with 5822136K free physical memory)

OOME stack traces (most recent first):
Classloader memory used:
Loader org.gradle.internal.classloader.VisitableURLClassLoader$InstrumentingVisitableURLClassLoader: 75038K
Loader org.gradle.internal.classloader.VisitableURLClassLoader                         : 48938K
Loader bootstrap                                                                       : 37369K
Loader org.gradle.initialization.MixInLegacyTypesClassLoader                           : 17220K
Loader jdk.internal.loader.ClassLoaders$AppClassLoader                                 : 11534K
Loader org.gradle.internal.classloader.VisitableURLClassLoader                         : 8579K
Loader jdk.internal.loader.ClassLoaders$PlatformClassLoader                            : 1108K
Loader jdk.internal.reflect.DelegatingClassLoader                                      : 649K
Loader org.gradle.groovy.scripts.internal.DefaultScriptCompilationHandler$ScriptClassLoader: 136K
Loader org.codehaus.groovy.runtime.callsite.CallSiteClassLoader                        : 9632B
Loader sun.reflect.misc.MethodUtil                                                     : 2992B

Classes loaded by more than one classloader:
Class com.google.common.collect.Lists$RandomAccessReverseList                         : loaded 3 times (x 196B)
Class com.google.common.collect.RegularImmutableSet                                   : loaded 3 times (x 145B)
Class com.google.common.collect.Iterators$MergingIterator                             : loaded 3 times (x 77B)
Class com.google.common.collect.RegularImmutableMap$KeySet                            : loaded 3 times (x 148B)
Class com.google.common.collect.ImmutableList$SubList                                 : loaded 3 times (x 205B)
Class com.google.common.collect.ForwardingObject                                      : loaded 3 times (x 68B)
Class com.google.common.collect.ImmutableSet$SetBuilderImpl                           : loaded 3 times (x 72B)
Class com.google.common.collect.ImmutableList                                         : loaded 3 times (x 202B)
Class com.google.common.base.CharMatcher$InRange                                      : loaded 3 times (x 107B)
Class com.google.common.collect.SetMultimap                                           : loaded 3 times (x 66B)
Class com.google.common.collect.ImmutableSet$Builder                                  : loaded 3 times (x 81B)
Class com.google.common.collect.ImmutableMapEntrySet$RegularEntrySet                  : loaded 3 times (x 148B)
Class com.google.common.collect.RangeSet                                              : loaded 3 times (x 66B)
Class com.google.common.collect.RangeGwtSerializationDependencies                     : loaded 3 times (x 67B)
Class com.google.common.base.Joiner$2                                                 : loaded 3 times (x 75B)
Class com.google.common.base.CharMatcher$NamedFastMatcher                             : loaded 3 times (x 108B)
Class com.google.common.base.CharMatcher$IsEither                                     : loaded 3 times (x 107B)
Class com.google.common.base.CharMatcher$1                                            : loaded 3 times (x 109B)
Class com.google.common.collect.PeekingIterator                                       : loaded 3 times (x 66B)
Class com.google.common.base.Joiner$1                                                 : loaded 3 times (x 76B)
Class com.google.common.base.CharMatcher                                              : loaded 3 times (x 107B)
Class com.google.common.collect.ImmutableSetMultimap                                  : loaded 3 times (x 176B)
Class com.google.common.base.Preconditions                                            : loaded 3 times (x 67B)
Class com.google.common.base.CharMatcher$Is                                           : loaded 3 times (x 107B)
Class com.google.common.base.CharMatcher$Negated                                      : loaded 3 times (x 109B)
Class com.google.common.collect.RegularImmutableMap$BucketOverflowException           : loaded 3 times (x 78B)
Class com.google.common.collect.ImmutableRangeSet$ComplementRanges                    : loaded 3 times (x 203B)
Class com.google.common.collect.ImmutableSet$RegularSetBuilderImpl                    : loaded 3 times (x 73B)
Class org.gradle.internal.IoActions                                                   : loaded 3 times (x 67B)
Class org.gradle.api.GradleException                                                  : loaded 3 times (x 78B)
Class com.google.common.collect.ImmutableList$1                                       : loaded 3 times (x 93B)
Class com.google.common.collect.ImmutableEntry                                        : loaded 3 times (x 78B)
Class [Lcom.google.common.collect.AbstractMapEntry;                                   : loaded 3 times (x 65B)
Class com.google.common.collect.AbstractRangeSet                                      : loaded 3 times (x 110B)
Class com.google.common.base.CharMatcher$NegatedFastMatcher                           : loaded 3 times (x 109B)
Class com.google.common.base.Predicate                                                : loaded 3 times (x 66B)
Class com.google.common.collect.ImmutableMap                                          : loaded 3 times (x 116B)
Class com.google.common.base.CharMatcher$FastMatcher                                  : loaded 3 times (x 107B)
Class org.gradle.internal.Cast                                                        : loaded 3 times (x 67B)
Class org.gradle.api.Action                                                           : loaded 3 times (x 66B)
Class com.google.common.collect.ImmutableList$SerializedForm                          : loaded 3 times (x 69B)
Class com.google.common.base.CharMatcher$Or                                           : loaded 3 times (x 108B)
Class com.google.common.collect.ImmutableSet                                          : loaded 3 times (x 141B)
Class com.google.common.collect.RegularImmutableMap$Values                            : loaded 3 times (x 203B)
Class com.google.common.collect.RegularImmutableMap                                   : loaded 3 times (x 117B)
Class com.google.common.collect.ImmutableMap$MapViewOfValuesAsSingletonSets           : loaded 3 times (x 122B)
Class com.google.common.base.CharMatcher$BitSetMatcher                                : loaded 3 times (x 108B)
Class com.google.common.collect.ImmutableRangeSet$Builder                             : loaded 3 times (x 73B)
Class com.google.common.collect.Lists$ReverseList$1                                   : loaded 3 times (x 95B)
Class [Lcom.google.common.collect.ImmutableEntry;                                     : loaded 3 times (x 65B)
Class com.google.common.collect.RegularImmutableList                                  : loaded 3 times (x 209B)
Class com.google.common.base.Function                                                 : loaded 3 times (x 66B)
Class com.google.common.collect.ImmutableMapEntry$NonTerminalImmutableMapEntry        : loaded 3 times (x 81B)
Class com.google.common.collect.ImmutableMultimap                                     : loaded 3 times (x 143B)
Class com.google.common.collect.UnmodifiableListIterator                              : loaded 3 times (x 91B)
Class com.google.common.collect.ImmutableMapEntry                                     : loaded 3 times (x 81B)
Class com.google.common.collect.RegularImmutableSortedSet                             : loaded 3 times (x 296B)
Class com.google.common.base.CharMatcher$IsNot                                        : loaded 3 times (x 107B)
Class com.google.common.collect.ImmutableMap$SerializedForm                           : loaded 3 times (x 69B)
Class com.google.common.collect.ImmutableSortedSet                                    : loaded 3 times (x 296B)
Class com.google.common.collect.Lists$ReverseList                                     : loaded 3 times (x 196B)
Class com.google.common.collect.ImmutableAsList                                       : loaded 3 times (x 205B)
Class com.google.common.collect.Iterators$9                                           : loaded 3 times (x 77B)
Class com.google.common.collect.ImmutableSet$CachingAsList                            : loaded 3 times (x 144B)
Class com.google.common.collect.Lists                                                 : loaded 3 times (x 67B)
Class com.google.common.collect.ImmutableCollection                                   : loaded 3 times (x 121B)
Class com.google.common.base.CharMatcher$AnyOf                                        : loaded 3 times (x 108B)
Class com.google.common.base.CharMatcher$ForPredicate                                 : loaded 3 times (x 108B)
Class com.google.common.collect.Iterators$5                                           : loaded 3 times (x 78B)
Class com.google.common.collect.SortedIterable                                        : loaded 3 times (x 66B)
Class com.google.common.collect.Iterators$4                                           : loaded 3 times (x 78B)
Class com.google.common.collect.ImmutableBiMap                                        : loaded 3 times (x 139B)
Class com.google.common.collect.SingletonImmutableSet                                 : loaded 3 times (x 142B)
Class com.google.common.collect.ImmutableMap$IteratorBasedImmutableMap                : loaded 3 times (x 122B)
Class com.google.common.collect.Iterators$1                                           : loaded 3 times (x 77B)
Class com.google.common.collect.ImmutableList$ReverseImmutableList                    : loaded 3 times (x 205B)
Class org.gradle.api.UncheckedIOException                                             : loaded 3 times (x 78B)
Class com.google.common.collect.SingletonImmutableList                                : loaded 3 times (x 203B)
Class com.google.common.collect.NullnessCasts                                         : loaded 3 times (x 67B)
Class com.google.common.collect.Multimap                                              : loaded 3 times (x 66B)
Class com.google.common.collect.ImmutableMap$Builder                                  : loaded 3 times (x 78B)
Class com.google.common.collect.ImmutableMapEntrySet                                  : loaded 3 times (x 148B)
Class com.google.common.collect.AbstractIndexedListIterator                           : loaded 3 times (x 92B)
Class com.google.common.collect.ObjectArrays                                          : loaded 3 times (x 67B)
Class com.google.common.collect.AbstractIterator                                      : loaded 3 times (x 78B)
Class com.google.common.collect.BiMap                                                 : loaded 3 times (x 66B)
Class com.google.common.collect.ImmutableMap$1                                        : loaded 3 times (x 77B)
Class com.google.common.collect.IndexedImmutableSet                                   : loaded 3 times (x 148B)
Class [Lcom.google.common.collect.ImmutableMapEntry;                                  : loaded 3 times (x 65B)
Class com.google.common.base.CharMatcher$And                                          : loaded 3 times (x 108B)
Class com.google.common.collect.Lists$StringAsImmutableList                           : loaded 3 times (x 203B)
Class com.google.common.collect.Range                                                 : loaded 3 times (x 83B)
Class com.google.common.collect.Iterators                                             : loaded 3 times (x 67B)
Class com.google.common.collect.ImmutableRangeSet$1                                   : loaded 3 times (x 206B)
Class com.google.common.collect.RegularImmutableAsList                                : loaded 3 times (x 213B)
Class com.google.common.collect.ImmutableList$Builder                                 : loaded 3 times (x 73B)
Class com.google.common.collect.AbstractMultimap                                      : loaded 3 times (x 119B)
Class com.google.common.collect.AbstractMapEntry                                      : loaded 3 times (x 77B)
Class com.google.common.collect.ImmutableRangeSet                                     : loaded 3 times (x 111B)
Class com.google.common.collect.UnmodifiableIterator                                  : loaded 3 times (x 76B)
Class com.google.common.collect.Platform                                              : loaded 3 times (x 67B)
Class com.google.common.base.Joiner                                                   : loaded 3 times (x 75B)
Class com.google.common.collect.BaseImmutableMultimap                                 : loaded 3 times (x 119B)
Class com.google.common.collect.ImmutableRangeSet$AsSet                               : loaded 3 times (x 296B)
Class com.google.common.collect.Iterators$ArrayItr                                    : loaded 3 times (x 93B)
Class com.google.common.collect.ImmutableCollection$Builder                           : loaded 3 times (x 72B)
Class com.google.common.collect.Iterables                                             : loaded 3 times (x 67B)
Class com.intellij.gradle.toolingExtension.impl.model.buildScriptClasspathModel.GradleBuildScriptClasspathSerializationService$ReadContext: loaded 2 times (x 68B)
Class org.gradle.internal.impldep.gnu.trove.TObjectIntHashMap                         : loaded 2 times (x 105B)
Class org.jetbrains.kotlin.idea.gradleTooling.model.allopen.AllOpenModel              : loaded 2 times (x 66B)
Class kotlin.jvm.internal.ArrayIteratorKt                                             : loaded 2 times (x 67B)
Class com.android.ide.common.gradle.Numeric                                           : loaded 2 times (x 73B)
Class com.google.common.collect.ComparatorOrdering                                    : loaded 2 times (x 111B)
Class com.google.common.collect.Iterators$EmptyModifiableIterator                     : loaded 2 times (x 82B)
Class com.google.common.collect.Sets$1                                                : loaded 2 times (x 135B)
Class org.objectweb.asm.AnnotationVisitor                                             : loaded 2 times (x 74B)
Class com.google.common.base.Splitter                                                 : loaded 2 times (x 68B)
Class org.gradle.api.internal.DefaultClassPathProvider                                : loaded 2 times (x 72B)
Class com.amazon.ion.impl._Private_RecyclingStack$$Iterator                           : loaded 2 times (x 95B)
Class com.amazon.ion.impl.SharedSymbolTable                                           : loaded 2 times (x 89B)
Class com.amazon.ion.impl.bin.IonRawBinaryWriter                                      : loaded 2 times (x 165B)
Class com.amazon.ion.SymbolToken                                                      : loaded 2 times (x 66B)
Class kotlin.text.StringsKt__StringNumberConversionsJVMKt                             : loaded 2 times (x 67B)
Class com.google.common.collect.NaturalOrdering                                       : loaded 2 times (x 111B)
Class kotlin.text.MatchResult                                                         : loaded 2 times (x 66B)
Class com.android.builder.model.v2.models.BasicAndroidProject                         : loaded 2 times (x 66B)
Class kotlin.sequences.SequenceScope                                                  : loaded 2 times (x 69B)
Class kotlin.sequences.Sequence                                                       : loaded 2 times (x 66B)
Class org.gradle.tooling.ToolingModelContract                                         : loaded 2 times (x 66B)
Class org.apache.commons.io.FilenameUtils                                             : loaded 2 times (x 67B)
Class com.google.common.collect.MapMakerInternalMap$Strength$1                        : loaded 2 times (x 76B)
Class com.google.common.collect.Maps$ViewCachingAbstractMap                           : loaded 2 times (x 121B)
Class [Lcom.google.common.base.Function;                                              : loaded 2 times (x 65B)
Class com.google.common.collect.Sets$2                                                : loaded 2 times (x 135B)
Class [Lorg.gradle.api.internal.ClassPathProvider;                                    : loaded 2 times (x 65B)
Class org.gradle.api.internal.ClassPathProvider                                       : loaded 2 times (x 66B)
Class com.amazon.ion.impl.lite.IonBoolLite                                            : loaded 2 times (x 174B)
Class org.gradle.internal.impldep.gnu.trove.TObjectHash$NULL                          : loaded 2 times (x 67B)
Class kotlin.collections.CollectionsKt___CollectionsKt$asSequence$$inlined$Sequence$1 : loaded 2 times (x 71B)
Class com.google.common.collect.MapMakerInternalMap$Strength$2                        : loaded 2 times (x 76B)
Class com.google.common.reflect.Types$ClassOwnership$1                                : loaded 2 times (x 76B)
Class [Lorg.objectweb.asm.AnnotationVisitor;                                          : loaded 2 times (x 65B)
Class com.google.common.collect.Sets$3                                                : loaded 2 times (x 135B)
Class com.google.common.util.concurrent.AbstractFuture$SafeAtomicHelper               : loaded 2 times (x 75B)
Class com.google.common.cache.LocalCache$LocalLoadingCache                            : loaded 2 times (x 130B)
Class com.google.common.base.AbstractIterator$State                                   : loaded 2 times (x 75B)
Class org.gradle.internal.service.UnknownServiceException                             : loaded 2 times (x 79B)
Class org.gradle.internal.impldep.gnu.trove.PrimeFinder                               : loaded 2 times (x 67B)
Class org.jetbrains.kotlin.idea.gradleTooling.model.kapt.KaptGradleModel              : loaded 2 times (x 66B)
Class org.jetbrains.kotlin.idea.gradleTooling.KotlinDslScriptAdditionalTask           : loaded 2 times (x 66B)
Class org.jetbrains.plugins.gradle.model.ClasspathEntryModel                          : loaded 2 times (x 66B)
Class com.google.common.io.ByteArrayDataInput                                         : loaded 2 times (x 66B)
Class [Lorg.apache.commons.io.IOCase;                                                 : loaded 2 times (x 65B)
Class com.google.common.collect.MapMakerInternalMap$StrongValueEntry                  : loaded 2 times (x 66B)
Class com.google.common.reflect.Types$ClassOwnership$2                                : loaded 2 times (x 76B)
Class com.google.common.reflect.TypeResolver                                          : loaded 2 times (x 68B)
Class com.google.common.collect.Sets$4                                                : loaded 2 times (x 135B)
Class org.objectweb.asm.ModuleVisitor                                                 : loaded 2 times (x 77B)
Class com.google.common.cache.LocalCache$Strength$1                                   : loaded 2 times (x 77B)
Class com.amazon.ion.IonTimestamp                                                     : loaded 2 times (x 66B)
Class com.amazon.ion.impl.bin.PooledBlockAllocatorProvider$PooledBlockAllocator       : loaded 2 times (x 77B)
Class org.jetbrains.plugins.gradle.tooling.serialization.GradleExtensionsSerializationService: loaded 2 times (x 73B)
Class com.android.ide.gradle.model.AdditionalClassifierArtifactsModelParameter        : loaded 2 times (x 66B)
Class org.gradle.api.JavaVersion                                                      : loaded 2 times (x 75B)
Class org.gradle.tooling.model.Dependency                                             : loaded 2 times (x 66B)
Class com.google.common.collect.Collections2$FilteredCollection                       : loaded 2 times (x 115B)
Class com.google.common.reflect.Types$ClassOwnership$3                                : loaded 2 times (x 67B)
Class org.apache.commons.io.output.QueueOutputStream                                  : loaded 2 times (x 83B)
Class com.google.common.util.concurrent.SettableFuture                                : loaded 2 times (x 110B)
Class com.google.common.cache.LocalCache$Strength$2                                   : loaded 2 times (x 77B)
Class com.amazon.ion.IonDatagram                                                      : loaded 2 times (x 66B)
Class com.amazon.ion.impl._Private_RecyclingStack$ElementFactory                      : loaded 2 times (x 66B)
Class com.amazon.ion.impl.bin.IonManagedBinaryWriter$ImportedSymbolResolverMode$1$1   : loaded 2 times (x 74B)
Class com.amazon.ion.impl._Private_ByteTransferSink                                   : loaded 2 times (x 66B)
Class com.intellij.openapi.externalSystem.model.project.dependencies.ResolutionState  : loaded 2 times (x 75B)
Class kotlin.text.StringsKt__RegexExtensionsJVMKt                                     : loaded 2 times (x 67B)
Class com.android.builder.model.v2.ide.AbstractArtifact                               : loaded 2 times (x 66B)
Class com.google.common.collect.ComparisonChain$1                                     : loaded 2 times (x 77B)
Class com.google.common.collect.AllEqualOrdering                                      : loaded 2 times (x 110B)
Class kotlin.collections.ArraysKt___ArraysJvmKt                                       : loaded 2 times (x 67B)
Class kotlin.collections.CollectionsKt__CollectionsKt                                 : loaded 2 times (x 67B)
Class com.google.common.io.ByteStreams                                                : loaded 2 times (x 67B)
Class org.apache.commons.io.IOCase                                                    : loaded 2 times (x 76B)
Class com.google.common.collect.Interners$InternerImpl                                : loaded 2 times (x 71B)
Class com.google.common.collect.Interner                                              : loaded 2 times (x 66B)
Class com.google.common.collect.TransformedIterator                                   : loaded 2 times (x 76B)
Class [Lcom.google.common.collect.Maps$EntryFunction;                                 : loaded 2 times (x 65B)
Class com.google.common.cache.LocalCache$Strength$3                                   : loaded 2 times (x 77B)
Class com.google.common.collect.MapDifference                                         : loaded 2 times (x 66B)
Class com.google.common.base.Splitter$1                                               : loaded 2 times (x 73B)
Class org.jetbrains.plugins.gradle.model.ExternalLibraryDependency                    : loaded 2 times (x 66B)
Class kotlin.text.Regex$Companion                                                     : loaded 2 times (x 67B)
Class com.google.common.collect.MapMaker$Dummy                                        : loaded 2 times (x 75B)
Class com.google.common.reflect.Invokable                                             : loaded 2 times (x 99B)
Class org.objectweb.asm.FieldWriter                                                   : loaded 2 times (x 74B)
Class com.google.common.cache.CacheBuilder$NullListener                               : loaded 2 times (x 78B)
Class org.gradle.internal.classpath.TransformedClassPath                              : loaded 2 times (x 92B)
Class org.gradle.internal.classloader.InstrumentingClassLoader                        : loaded 2 times (x 66B)
Class com.amazon.ion.IonValue                                                         : loaded 2 times (x 66B)
Class com.amazon.ion.impl._Private_RecyclingQueue$ElementFactory                      : loaded 2 times (x 66B)
Class com.google.common.collect.ImmutableEnumMap                                      : loaded 2 times (x 122B)
Class com.google.common.collect.ListMultimap                                          : loaded 2 times (x 66B)
Class kotlin.jvm.internal.FunctionReference                                           : loaded 2 times (x 118B)
Class [Lkotlin.coroutines.intrinsics.CoroutineSingletons;                             : loaded 2 times (x 65B)
Class kotlin.jvm.internal.FunctionBase                                                : loaded 2 times (x 66B)
Class kotlin.enums.EnumEntriesList                                                    : loaded 2 times (x 219B)
Class com.google.common.collect.ImmutableListMultimap                                 : loaded 2 times (x 172B)
Class org.apache.commons.io.filefilter.AbstractFileFilter                             : loaded 2 times (x 117B)
Class com.google.common.collect.Maps$IteratorBasedAbstractMap$1                       : loaded 2 times (x 134B)
Class com.google.common.reflect.Types$ParameterizedTypeImpl                           : loaded 2 times (x 77B)
Class org.apache.commons.io.output.UnsynchronizedByteArrayOutputStream                : loaded 2 times (x 98B)
Class com.google.common.cache.CacheLoader$FunctionToCacheLoader                       : loaded 2 times (x 71B)
Class com.amazon.ion.impl.bin.IonRawBinaryWriter$ContainerType                        : loaded 2 times (x 75B)
Class com.amazon.ion.impl._Private_IonTextWriterBuilder$Mutable                       : loaded 2 times (x 98B)
Class org.apache.commons.io.output.StringBuilderWriter                                : loaded 2 times (x 96B)
Class kotlin.comparisons.ComparisonsKt___ComparisonsJvmKt                             : loaded 2 times (x 67B)
Class [Lorg.apache.commons.io.StandardLineSeparator;                                  : loaded 2 times (x 65B)
Class kotlin.collections.CollectionsKt__IteratorsJVMKt                                : loaded 2 times (x 67B)
Class com.google.common.collect.EmptyImmutableListMultimap                            : loaded 2 times (x 172B)
Class com.google.common.reflect.TypeResolver$TypeVariableKey                          : loaded 2 times (x 68B)
Class org.apache.commons.io.output.ByteArrayOutputStream                              : loaded 2 times (x 98B)
Class com.google.common.base.MoreObjects                                              : loaded 2 times (x 67B)
Class org.jetbrains.plugins.gradle.model.IntelliJSettings                             : loaded 2 times (x 66B)
Class org.jetbrains.kotlin.idea.gradleTooling.KotlinSourceSetContainer                : loaded 2 times (x 66B)
Class org.gradle.tooling.internal.gradle.DefaultProjectIdentifier                     : loaded 2 times (x 82B)
Class com.android.builder.model.v2.ide.TestInfo$Execution                             : loaded 2 times (x 75B)
Class com.android.builder.model.v2.models.AndroidDsl                                  : loaded 2 times (x 66B)
Class kotlin.Result                                                                   : loaded 2 times (x 68B)
Class [Lorg.objectweb.asm.Type;                                                       : loaded 2 times (x 65B)
Class org.gradle.internal.service.ServiceLocator                                      : loaded 2 times (x 66B)
Class com.amazon.ion.impl.IonWriterSystem                                             : loaded 2 times (x 167B)
Class com.amazon.ion.impl.bin.Symbols$2                                               : loaded 2 times (x 103B)
Class com.amazon.ion.impl.bin._Private_IonManagedWriter                               : loaded 2 times (x 66B)
Class org.jetbrains.kotlin.android.synthetic.idea.AndroidExtensionsGradleModel        : loaded 2 times (x 66B)
Class com.intellij.gradle.toolingExtension.util.GradleVersionUtil                     : loaded 2 times (x 67B)
Class com.android.ide.gradle.model.GradlePropertiesModel                              : loaded 2 times (x 66B)
Class kotlin.text.StringsKt__AppendableKt                                             : loaded 2 times (x 67B)
Class com.google.common.collect.Iterators$SingletonIterator                           : loaded 2 times (x 77B)
Class kotlin.sequences.TransformingSequence$iterator$1                                : loaded 2 times (x 75B)
Class kotlin.Pair                                                                     : loaded 2 times (x 68B)
Class org.gradle.tooling.internal.adapter.ProtocolToModelAdapter$SupportedPropertyInvoker: loaded 2 times (x 72B)
Class org.gradle.tooling.model.UnsupportedMethodException                             : loaded 2 times (x 78B)
Class org.apache.commons.io.FileExistsException                                       : loaded 2 times (x 78B)
Class com.google.common.collect.HashBiMap$BiEntry                                     : loaded 2 times (x 79B)
Class com.google.common.base.Ascii                                                    : loaded 2 times (x 67B)
Class com.google.common.collect.SingletonImmutableBiMap                               : loaded 2 times (x 139B)
Class com.google.common.cache.LocalCache$1                                            : loaded 2 times (x 85B)
Class com.amazon.ion.impl.lite.IonContainerLite                                       : loaded 2 times (x 244B)
Class com.amazon.ion.IonBufferConfiguration$OversizedSymbolTableHandler               : loaded 2 times (x 66B)
Class com.amazon.ion.system.IonWriterBuilder                                          : loaded 2 times (x 70B)
Class org.jetbrains.plugins.gradle.tooling.serialization.ToolingStreamApiUtils        : loaded 2 times (x 67B)
Class com.amazon.ion.facet.Faceted                                                    : loaded 2 times (x 66B)
Class com.amazon.ion.IonWriter                                                        : loaded 2 times (x 66B)
Class com.android.builder.model.v2.ide.BytecodeTransformation                         : loaded 2 times (x 75B)
Class com.amazon.ion.impl.bin._Private_IonRawWriter                                   : loaded 2 times (x 66B)
Class kotlin.collections.CollectionsKt__MutableCollectionsKt                          : loaded 2 times (x 67B)
Class com.google.common.io.ByteSource$ByteArrayByteSource                             : loaded 2 times (x 81B)
Class org.apache.commons.io.function.IOSupplier                                       : loaded 2 times (x 66B)
Class com.google.common.collect.MapMakerInternalMap$AbstractStrongKeyEntry            : loaded 2 times (x 76B)
Class com.google.common.reflect.TypeToken$SimpleTypeToken                             : loaded 2 times (x 69B)
Class com.google.common.collect.Sets$ImprovedAbstractSet                              : loaded 2 times (x 131B)
Class com.google.common.cache.LocalCache$2                                            : loaded 2 times (x 138B)
Class com.amazon.ion.impl.bin.utf8.Poolable                                           : loaded 2 times (x 75B)
Class com.amazon.ion.IonSymbol                                                        : loaded 2 times (x 66B)
Class org.jetbrains.plugins.gradle.tooling.serialization.AnnotationProcessingModelSerializationService$WriteContext: loaded 2 times (x 68B)
Class org.gradle.internal.impldep.gnu.trove.THash                                     : loaded 2 times (x 77B)
Class kotlin.io.TerminateException                                                    : loaded 2 times (x 78B)
Class kotlin.io.FilesKt__FilePathComponentsKt                                         : loaded 2 times (x 67B)
Class com.android.builder.model.v2.ide.CodeShrinker                                   : loaded 2 times (x 75B)
Class com.amazon.ion.impl.bin.IonRawBinaryWriter$PreallocationMode                    : loaded 2 times (x 78B)
Class com.amazon.ion.impl.lite.IonSystemLite                                          : loaded 2 times (x 271B)
Class kotlin.reflect.KCallable                                                        : loaded 2 times (x 66B)
Class com.google.common.util.concurrent.AbstractFuture$UnsafeAtomicHelper$1           : loaded 2 times (x 72B)
Class com.amazon.ion.impl.lite.IonStructLite                                          : loaded 2 times (x 294B)
Class com.amazon.ion.impl._Private_ReaderWriter                                       : loaded 2 times (x 66B)
Class com.amazon.ion.impl.bin.AbstractSymbolTable                                     : loaded 2 times (x 103B)
Class com.amazon.ion.Decimal                                                          : loaded 2 times (x 129B)
Class com.amazon.ion.impl.bin._Private_IonManagedBinaryWriterBuilder$AllocatorMode$1  : loaded 2 times (x 76B)
Class org.jetbrains.plugins.gradle.tooling.serialization.ProjectDependenciesSerializationService$WriteContext: loaded 2 times (x 68B)
Class org.jetbrains.plugins.gradle.tooling.serialization.ProjectDependenciesSerializationService: loaded 2 times (x 73B)
Class kotlin.collections.AbstractIterator                                             : loaded 2 times (x 79B)
Class kotlin.text.CharsKt                                                             : loaded 2 times (x 67B)
Class org.gradle.api.internal.classpath.EffectiveClassPath                            : loaded 2 times (x 86B)
Class kotlin.sequences.SequencesKt___SequencesKt$flatMap$2                            : loaded 2 times (x 121B)
Class org.gradle.tooling.internal.adapter.CollectionMapper                            : loaded 2 times (x 69B)
Class com.google.common.base.Optional                                                 : loaded 2 times (x 76B)
Class com.google.common.util.concurrent.AbstractFuture$Trusted                        : loaded 2 times (x 66B)
Class com.amazon.ion.impl.lite.IonFloatLite                                           : loaded 2 times (x 182B)
Class com.amazon.ion.impl._Private_IonTextWriterBuilder                               : loaded 2 times (x 98B)
Class com.amazon.ion.impl.bin._Private_IonManagedBinaryWriterBuilder$AllocatorMode$2  : loaded 2 times (x 76B)
Class org.gradle.internal.impldep.gnu.trove.Equality                                  : loaded 2 times (x 66B)
Class com.android.ide.gradle.model.ArtifactIdentifierImpl                             : loaded 2 times (x 73B)
Class [Lcom.android.builder.model.v2.ide.LibraryType;                                 : loaded 2 times (x 65B)
Class com.android.builder.model.v2.ide.LibraryType                                    : loaded 2 times (x 75B)
Class [Lcom.android.ide.common.repository.AgpVersion$PreviewKind;                     : loaded 2 times (x 65B)
Class com.google.common.collect.ExplicitOrdering                                      : loaded 2 times (x 111B)
Class com.google.common.io.ByteSink$AsCharSink                                        : loaded 2 times (x 76B)
Class com.google.common.util.concurrent.UncheckedExecutionException                   : loaded 2 times (x 78B)
Class org.jetbrains.plugins.gradle.ExternalDependencyId                               : loaded 2 times (x 66B)
Class com.amazon.ion.impl._Private_RecyclingStack                                     : loaded 2 times (x 75B)
Class com.amazon.ion.impl._Private_IonReaderBuilder                                   : loaded 2 times (x 91B)
Class com.amazon.ion.IonMutableCatalog                                                : loaded 2 times (x 66B)
Class com.intellij.gradle.toolingExtension.impl.model.buildScriptClasspathModel.GradleBuildScriptClasspathSerializationService$WriteContext: loaded 2 times (x 68B)
Class org.gradle.tooling.internal.adapter.ProtocolToModelAdapter                      : loaded 2 times (x 76B)
Class org.gradle.internal.InternalTransformer                                         : loaded 2 times (x 66B)
Class org.gradle.internal.impldep.gnu.trove.TObjectCanonicalHashingStrategy           : loaded 2 times (x 76B)
Class kotlin.collections.ArraysKt___ArraysKt$asSequence$$inlined$Sequence$1           : loaded 2 times (x 71B)
Class com.google.common.collect.Ordering                                              : loaded 2 times (x 110B)
Class com.android.ide.common.gradle.Separator                                         : loaded 2 times (x 75B)
Class com.android.builder.model.v2.ide.AndroidGradlePluginProjectFlags$BooleanFlag    : loaded 2 times (x 75B)
Class kotlin.collections.MapsKt__MapsJVMKt                                            : loaded 2 times (x 67B)
Class kotlin.collections.EmptyList                                                    : loaded 2 times (x 170B)
Class org.gradle.internal.time.DefaultTimer                                           : loaded 2 times (x 76B)
Class com.google.common.collect.AbstractMapBasedMultimap$KeySet$1                     : loaded 2 times (x 78B)
Class org.objectweb.asm.ClassWriter                                                   : loaded 2 times (x 102B)
Class com.google.common.cache.CacheLoader$UnsupportedLoadingOperationException        : loaded 2 times (x 78B)
Class org.gradle.internal.classloader.ClasspathUtil$1                                 : loaded 2 times (x 72B)
Class com.amazon.ion.impl.bin.PooledBlockAllocatorProvider$PooledBlockAllocator$1     : loaded 2 times (x 75B)
Class com.amazon.ion.impl.lite.IonStringLite                                          : loaded 2 times (x 208B)
Class org.jetbrains.plugins.gradle.tooling.serialization.internal.IdeaProjectSerializationService: loaded 2 times (x 73B)
Class org.gradle.internal.classloader.ClassLoaderVisitor                              : loaded 2 times (x 72B)
Class com.google.common.base.CharMatcher$None                                         : loaded 2 times (x 108B)
Class org.gradle.tooling.internal.adapter.ProtocolToModelAdapter$ViewKey              : loaded 2 times (x 68B)
Class com.google.common.collect.FluentIterable$1                                      : loaded 2 times (x 77B)
Class com.google.common.base.Objects                                                  : loaded 2 times (x 67B)
Class org.objectweb.asm.FieldVisitor                                                  : loaded 2 times (x 73B)
Class org.gradle.api.internal.classpath.DefaultModuleRegistry$DefaultModule           : loaded 2 times (x 82B)
Class com.amazon.ion.impl.bin.Block                                                   : loaded 2 times (x 75B)
Class org.jetbrains.kotlin.idea.gradleTooling.model.lombok.LombokModel                : loaded 2 times (x 66B)
Class com.android.builder.model.v2.CustomSourceDirectory                              : loaded 2 times (x 66B)
Class [Lcom.google.common.collect.AbstractIterator$State;                             : loaded 2 times (x 65B)
Class com.google.common.collect.NullsFirstOrdering                                    : loaded 2 times (x 111B)
Class com.android.ide.common.repository.AgpVersion                                    : loaded 2 times (x 71B)
Class kotlin.ResultKt                                                                 : loaded 2 times (x 67B)
Class org.gradle.tooling.internal.adapter.ProtocolToModelAdapter$PropertyCachingMethodInvoker: loaded 2 times (x 72B)
Class com.google.common.collect.FluentIterable$2                                      : loaded 2 times (x 77B)
Class com.google.common.base.Absent                                                   : loaded 2 times (x 76B)
Class com.google.common.reflect.Reflection                                            : loaded 2 times (x 67B)
Class com.google.common.primitives.Ints                                               : loaded 2 times (x 67B)
Class org.jetbrains.plugins.gradle.model.ExternalTask                                 : loaded 2 times (x 66B)
Class com.amazon.ion.impl.bin.utf8.Utf8StringEncoderPool$1                            : loaded 2 times (x 72B)
Class com.amazon.ion.impl.lite.IonLoaderLite                                          : loaded 2 times (x 78B)
Class com.amazon.ion.impl.lite.IonContext                                             : loaded 2 times (x 66B)
Class com.amazon.ion.impl.IonWriterSystemText                                         : loaded 2 times (x 186B)
Class [Lcom.amazon.ion.impl.bin.IonManagedBinaryWriter$ImportedSymbolResolverMode;    : loaded 2 times (x 65B)
Class com.amazon.ion.ValueFactory                                                     : loaded 2 times (x 66B)
Class org.apache.commons.io.file.PathUtils                                            : loaded 2 times (x 67B)
Class com.google.common.io.ByteSource$ConcatenatedByteSource                          : loaded 2 times (x 81B)
Class com.android.builder.model.v2.models.ProjectSyncIssues                           : loaded 2 times (x 66B)
Class kotlin.collections.ArraysKt__ArraysKt                                           : loaded 2 times (x 67B)
Class kotlin.Result$Failure                                                           : loaded 2 times (x 68B)
Class org.gradle.internal.time.DefaultCountdownTimer                                  : loaded 2 times (x 84B)
Class build_e6wuatg8o7vcybfw7wdots1bn                                                 : loaded 2 times (x 176B)
Class com.google.common.collect.FluentIterable$3                                      : loaded 2 times (x 77B)
Class com.google.common.collect.Multiset                                              : loaded 2 times (x 66B)
Class com.google.common.collect.ArrayListMultimapGwtSerializationDependencies         : loaded 2 times (x 168B)
Class com.google.common.math.MathPreconditions                                        : loaded 2 times (x 67B)
Class com.amazon.ion.impl._Private_IonReaderBuilder$TwoElementSequenceInputStream     : loaded 2 times (x 88B)
Class com.amazon.ion.impl.bin.IonManagedBinaryWriter$SymbolResolver                   : loaded 2 times (x 66B)
Class com.amazon.ion.impl._Private_SymbolToken                                        : loaded 2 times (x 66B)
Class com.amazon.ion.impl.bin._Private_IonManagedBinaryWriterBuilder$AllocatorMode    : loaded 2 times (x 76B)
Class org.jetbrains.plugins.gradle.tooling.util.ObjectCollector                       : loaded 2 times (x 68B)
Class org.jetbrains.plugins.gradle.model.GradleTaskModel                              : loaded 2 times (x 66B)
Class kotlin.collections.AbstractList$Companion                                       : loaded 2 times (x 67B)
Class kotlin.collections.SetsKt__SetsJVMKt                                            : loaded 2 times (x 67B)
Class org.gradle.tooling.internal.adapter.ProtocolToModelAdapter$AdaptingMethodInvoker: loaded 2 times (x 72B)
Class org.gradle.tooling.internal.gradle.DefaultBuildIdentifier                       : loaded 2 times (x 75B)
Class kotlin.Function                                                                 : loaded 2 times (x 66B)
Class org.apache.commons.io.output.NullOutputStream                                   : loaded 2 times (x 81B)
Class org.gradle.api.internal.classpath.Module                                        : loaded 2 times (x 66B)
Class com.amazon.ion.impl._Private_IonReaderBuilder$Mutable                           : loaded 2 times (x 91B)
Class com.intellij.openapi.externalSystem.model.project.IExternalSystemSourceType     : loaded 2 times (x 66B)
Class kotlin.io.FileAlreadyExistsException                                            : loaded 2 times (x 78B)
Class kotlin.internal.ProgressionUtilKt                                               : loaded 2 times (x 67B)
Class com.google.common.cache.Weigher                                                 : loaded 2 times (x 66B)
Class org.gradle.api.internal.classpath.UnknownModuleException                        : loaded 2 times (x 78B)
Class org.jetbrains.plugins.gradle.tooling.serialization.ProjectDependenciesSerializationService$ReadContext: loaded 2 times (x 68B)
Class org.gradle.internal.impldep.gnu.trove.TObjectIdentityHashingStrategy            : loaded 2 times (x 74B)
Class com.intellij.openapi.externalSystem.model.project.dependencies.ProjectDependencies: loaded 2 times (x 66B)
Class kotlin.sequences.DistinctIterator                                               : loaded 2 times (x 79B)
Class org.apache.commons.io.Charsets                                                  : loaded 2 times (x 67B)
Class com.google.common.base.Stopwatch                                                : loaded 2 times (x 68B)
Class com.google.common.cache.LocalCache$Strength                                     : loaded 2 times (x 77B)
Class com.google.common.cache.Cache                                                   : loaded 2 times (x 66B)
Class kotlin.sequences.SequencesKt___SequencesKt                                      : loaded 2 times (x 67B)
Class com.google.common.io.AppendableWriter                                           : loaded 2 times (x 96B)
Class com.google.common.io.Files$2                                                    : loaded 2 times (x 72B)
Class org.apache.commons.io.filefilter.IOFileFilter                                   : loaded 2 times (x 66B)
Class com.google.common.util.concurrent.AbstractFuture$Cancellation                   : loaded 2 times (x 68B)
Class com.google.common.base.NullnessCasts                                            : loaded 2 times (x 67B)
Class com.amazon.ion.IonBufferConfiguration                                           : loaded 2 times (x 69B)
Class com.amazon.ion.impl.bin.Symbols                                                 : loaded 2 times (x 67B)
Class org.jetbrains.plugins.gradle.tooling.serialization.RepositoriesModelSerializationService: loaded 2 times (x 78B)
Class com.android.ide.gradle.model.artifacts.AdditionalClassifierArtifactsModel       : loaded 2 times (x 66B)
Class org.gradle.tooling.internal.gradle.GradleProjectIdentity                        : loaded 2 times (x 66B)
Class com.google.common.collect.AbstractMapBasedMultimap$WrappedCollection$WrappedIterator: loaded 2 times (x 80B)
Class com.google.common.collect.Maps$EntryFunction$1                                  : loaded 2 times (x 87B)
Class com.google.common.base.Present                                                  : loaded 2 times (x 77B)
Class com.google.common.cache.RemovalListener                                         : loaded 2 times (x 66B)
Class org.gradle.api.internal.DefaultClassPathRegistry                                : loaded 2 times (x 72B)
Class [Lcom.amazon.ion.impl.bin.AbstractIonWriter$WriteValueOptimization;             : loaded 2 times (x 65B)
Class org.jetbrains.plugins.gradle.tooling.serialization.RepositoriesModelSerializationService$ReadContext: loaded 2 times (x 68B)
Class kotlin.text.MatcherMatchResult$groupValues$1                                    : loaded 2 times (x 194B)
Class kotlin.ranges.ClosedRange                                                       : loaded 2 times (x 66B)
Class com.android.builder.model.v2.ide.JavaArtifact                                   : loaded 2 times (x 66B)
Class com.google.common.collect.ImmutableMultimap$Keys                                : loaded 2 times (x 162B)
Class org.apache.commons.io.file.DeleteOption                                         : loaded 2 times (x 66B)
Class com.google.common.collect.Maps$EntryFunction$2                                  : loaded 2 times (x 87B)
Class com.google.common.reflect.Invokable$ConstructorInvokable                        : loaded 2 times (x 103B)
Class com.google.common.primitives.IntsMethodsForWeb                                  : loaded 2 times (x 67B)
Class org.gradle.api.internal.ClassPathRegistry                                       : loaded 2 times (x 66B)
Class org.gradle.internal.classpath.DefaultClassPath$ImmutableUniqueList              : loaded 2 times (x 195B)
Class com.amazon.ion.impl.bin.IonManagedBinaryWriter$UserState                        : loaded 2 times (x 81B)
Class org.jetbrains.plugins.gradle.tooling.serialization.internal.adapter.InternalBuildIdentifier: loaded 2 times (x 71B)
Class com.amazon.ion.impl._Private_IonWriter                                          : loaded 2 times (x 66B)
Class com.amazon.ion.impl.bin._Private_IonManagedBinaryWriterBuilder                  : loaded 2 times (x 68B)
Class com.intellij.gradle.toolingExtension.impl.model.projectModel.GradleExternalProjectSerializationService$WriteContext: loaded 2 times (x 69B)
Class kotlin.text.StringsKt__StringsJVMKt                                             : loaded 2 times (x 67B)
Class kotlin.collections.IntIterator                                                  : loaded 2 times (x 78B)
Class com.google.common.collect.ReverseNaturalOrdering                                : loaded 2 times (x 110B)
Class com.google.common.collect.MapMakerInternalMap$Segment                           : loaded 2 times (x 138B)
Class com.google.common.reflect.TypeToken                                             : loaded 2 times (x 69B)
Class com.google.common.base.ExtraObjectsMethodsForWeb                                : loaded 2 times (x 67B)
Class org.apache.commons.io.IOUtils                                                   : loaded 2 times (x 67B)
Class [Lcom.amazon.ion.SymbolToken;                                                   : loaded 2 times (x 65B)
Class kotlin.text.StringsKt__IndentKt                                                 : loaded 2 times (x 67B)
Class com.android.builder.model.v2.dsl.SigningConfig                                  : loaded 2 times (x 66B)
Class com.amazon.ion.impl.bin.IonManagedBinaryWriter$ImportedSymbolResolverMode$2     : loaded 2 times (x 76B)
Class com.android.builder.model.v2.models.AndroidProject                              : loaded 2 times (x 66B)
Class com.android.builder.model.v2.AndroidModel                                       : loaded 2 times (x 66B)
Class kotlin.collections.SetsKt                                                       : loaded 2 times (x 67B)
Class org.gradle.internal.classloader.DefaultClassLoaderFactory                       : loaded 2 times (x 78B)
Class com.google.common.cache.RemovalCause                                            : loaded 2 times (x 76B)
Class com.google.common.io.ByteSink                                                   : loaded 2 times (x 72B)
Class com.google.common.cache.CacheBuilder                                            : loaded 2 times (x 68B)
Class org.gradle.internal.classpath.ClassPath                                         : loaded 2 times (x 66B)
Class org.jetbrains.plugins.gradle.model.ExternalProjectDependency                    : loaded 2 times (x 66B)
Class org.jetbrains.plugins.gradle.tooling.serialization.KotlinDslScriptsModelSerializationService: loaded 2 times (x 77B)
Class com.google.common.base.Suppliers                                                : loaded 2 times (x 67B)
Class kotlin.reflect.KFunction                                                        : loaded 2 times (x 66B)
Class kotlin.collections.ArrayDeque                                                   : loaded 2 times (x 203B)
Class com.google.common.collect.Interners$InternerBuilder                             : loaded 2 times (x 72B)
Class com.google.common.io.Files$FileByteSource                                       : loaded 2 times (x 81B)
Class [Lcom.google.common.reflect.Types$JavaVersion;                                  : loaded 2 times (x 65B)
Class com.google.common.base.JdkPattern                                               : loaded 2 times (x 71B)
Class com.amazon.ion.system.IonSystemBuilder$Mutable                                  : loaded 2 times (x 71B)
Class com.amazon.ion.impl.bin.IonManagedBinaryWriter$SymbolResolverBuilder            : loaded 2 times (x 66B)
Class org.jetbrains.plugins.gradle.tooling.serialization.ExternalTestsSerializationService$WriteContext: loaded 2 times (x 68B)
Class org.jetbrains.kotlin.idea.gradleTooling.KotlinGradleModel                       : loaded 2 times (x 66B)
Class kotlin.jvm.internal.Lambda                                                      : loaded 2 times (x 71B)
Class kotlin.collections.MapsKt__MapsKt                                               : loaded 2 times (x 67B)
Class com.google.common.io.CharStreams$NullWriter                                     : loaded 2 times (x 95B)
Class org.objectweb.asm.SymbolTable$Entry                                             : loaded 2 times (x 70B)
Class com.google.common.util.concurrent.AbstractFuture$AtomicHelper                   : loaded 2 times (x 74B)
Class com.amazon.ion.impl._Private_RecyclingStack$Recycler                            : loaded 2 times (x 66B)
Class com.amazon.ion.impl.bin.IonManagedBinaryWriter$LocalSymbolTableView             : loaded 2 times (x 103B)
Class com.amazon.ion.impl.bin.IonRawBinaryWriter$ThrowingRunnable                     : loaded 2 times (x 66B)
Class com.android.ide.gradle.model.ArtifactIdentifier                                 : loaded 2 times (x 66B)
Class com.android.builder.model.v2.ide.Variant                                        : loaded 2 times (x 66B)
Class [Lcom.google.common.cache.CacheBuilder$OneWeigher;                              : loaded 2 times (x 65B)
Class org.gradle.tooling.model.Model                                                  : loaded 2 times (x 66B)
Class org.objectweb.asm.Edge                                                          : loaded 2 times (x 68B)
Class com.google.common.base.Suppliers$SupplierOfInstance                             : loaded 2 times (x 75B)
Class com.amazon.ion.UnknownSymbolException                                           : loaded 2 times (x 82B)
Class com.android.ide.gradle.model.composites.BuildMap                                : loaded 2 times (x 66B)
Class org.objectweb.asm.MethodTooLargeException                                       : loaded 2 times (x 79B)
Class com.google.common.base.Platform$JdkPatternCompiler                              : loaded 2 times (x 71B)
Class kotlin.text.MatchResult$Destructured                                            : loaded 2 times (x 68B)
Class kotlin.Metadata                                                                 : loaded 2 times (x 66B)
Class kotlin.UninitializedPropertyAccessException                                     : loaded 2 times (x 78B)
Class com.google.common.reflect.TypeToken$1                                           : loaded 2 times (x 106B)
Class com.google.common.cache.LocalCache$ComputingValueReference                      : loaded 2 times (x 92B)
Class org.jetbrains.plugins.gradle.model.IntelliJProjectSettings                      : loaded 2 times (x 66B)
Class org.jetbrains.kotlin.idea.gradleTooling.model.annotation.AnnotationBasedPluginModel: loaded 2 times (x 66B)
Class com.android.builder.model.v2.ide.Library                                        : loaded 2 times (x 66B)
Class com.android.builder.model.v2.ide.ArtifactDependenciesAdjacencyList              : loaded 2 times (x 66B)
Class kotlin.sequences.SequencesKt___SequencesKt$filterNotNull$1                      : loaded 2 times (x 74B)
Class com.android.builder.model.v2.models.Versions                                    : loaded 2 times (x 66B)
Class org.gradle.tooling.internal.adapter.ProtocolToModelAdapter$MethodInvocationCache: loaded 2 times (x 69B)
Class com.google.common.collect.AbstractMapBasedMultimap$AsMap$AsMapEntries           : loaded 2 times (x 134B)
Class com.google.common.reflect.TypeToken$2                                           : loaded 2 times (x 106B)
Class com.google.common.cache.LocalCache$Segment                                      : loaded 2 times (x 150B)
Class org.jetbrains.plugins.gradle.model.ExternalDependency                           : loaded 2 times (x 66B)
Class com.intellij.util.containers.IntObjectHashMap                                   : loaded 2 times (x 68B)
Class com.google.common.collect.MapMakerInternalMap$Strength                          : loaded 2 times (x 76B)
Class com.google.common.collect.MapMakerInternalMap$StrongKeyDummyValueEntry$LinkedStrongKeyDummyValueEntry: loaded 2 times (x 78B)
Class org.jetbrains.kotlin.idea.gradleTooling.model.noarg.NoArgModel                  : loaded 2 times (x 66B)
Class com.android.builder.model.v2.models.ndk.NativeModule                            : loaded 2 times (x 66B)
Class com.google.common.collect.AbstractListMultimap                                  : loaded 2 times (x 168B)
Class [Lorg.objectweb.asm.SymbolTable$Entry;                                          : loaded 2 times (x 65B)
Class com.google.common.cache.CacheLoader                                             : loaded 2 times (x 70B)
Class org.gradle.internal.installation.GradleInstallation$1                           : loaded 2 times (x 71B)
Class org.gradle.api.internal.classpath.ModuleRegistry                                : loaded 2 times (x 66B)
Class com.amazon.ion.impl.bin.IonManagedBinaryWriter$SymbolState$1                    : loaded 2 times (x 76B)
Class com.amazon.ion.impl.LocalSymbolTableAsStruct$Factory                            : loaded 2 times (x 75B)
Class [Lcom.amazon.ion.IonType;                                                       : loaded 2 times (x 65B)
Class com.intellij.gradle.toolingExtension.impl.model.sourceSetDependencyModel.GradleSourceSetDependencySerialisationService$SourceSetDependencyModelReadContext: loaded 2 times (x 68B)
Class com.intellij.gradle.toolingExtension.impl.model.dependencyModel.DependencyReadContext: loaded 2 times (x 68B)
Class org.jetbrains.plugins.gradle.model.VersionCatalogsModel                         : loaded 2 times (x 66B)
Class com.android.builder.model.v2.ide.PrivacySandboxSdkInfo                          : loaded 2 times (x 66B)
Class com.intellij.util.containers.IntObjectHashMap$ArrayProducer                     : loaded 2 times (x 66B)
Class com.android.ide.common.repository.AgpVersion$PreviewKind$Companion              : loaded 2 times (x 67B)
Class org.gradle.tooling.internal.adapter.ObjectGraphAdapter                          : loaded 2 times (x 66B)
Class org.apache.commons.io.output.NullWriter                                         : loaded 2 times (x 95B)
Class com.google.common.util.concurrent.internal.InternalFutureFailureAccess          : loaded 2 times (x 68B)
Class com.google.common.collect.ImmutableSet$JdkBackedSetBuilderImpl                  : loaded 2 times (x 72B)
Class com.google.common.base.Splitter$SplittingIterator                               : loaded 2 times (x 80B)
Class org.jetbrains.plugins.gradle.model.ProjectImportModelProvider                   : loaded 2 times (x 66B)
Class org.jetbrains.plugins.gradle.model.ExternalSourceSet                            : loaded 2 times (x 66B)
Class com.amazon.ion.impl.bin.IonManagedBinaryWriter$SymbolState$2                    : loaded 2 times (x 76B)
Class com.amazon.ion.IonNull                                                          : loaded 2 times (x 66B)
Class com.intellij.gradle.toolingExtension.impl.model.warmUp.GradleTaskWarmUpRequest  : loaded 2 times (x 66B)
Class com.amazon.ion.impl.bin.IonManagedBinaryWriter$ImportedSymbolResolverMode$1     : loaded 2 times (x 76B)
Class com.android.builder.model.v2.ide.Installation                                   : loaded 2 times (x 66B)
Class com.google.common.collect.ImmutableSortedAsList                                 : loaded 2 times (x 217B)
Class kotlin.text.RegexKt                                                             : loaded 2 times (x 67B)
Class kotlin.coroutines.intrinsics.IntrinsicsKt__IntrinsicsKt                         : loaded 2 times (x 67B)
Class com.google.common.collect.ImmutableMultimap$Values                              : loaded 2 times (x 122B)
Class com.google.common.collect.Iterators$6                                           : loaded 2 times (x 77B)
Class com.google.common.collect.HashBiMap$Inverse                                     : loaded 2 times (x 138B)
Class com.google.common.util.concurrent.AbstractFuture$UnsafeAtomicHelper             : loaded 2 times (x 74B)
Class com.google.common.cache.LocalCache$LocalManualCache$1                           : loaded 2 times (x 71B)
Class com.amazon.ion.impl.bin.IonRawBinaryWriter$ContainerInfo                        : loaded 2 times (x 70B)
Class com.amazon.ion.impl.bin.IonManagedBinaryWriter$SymbolState$3                    : loaded 2 times (x 76B)
Class com.amazon.ion.impl.bin.IonRawBinaryWriter$StreamFlushMode                      : loaded 2 times (x 75B)
Class com.amazon.ion.IonBinaryWriter                                                  : loaded 2 times (x 66B)
Class com.intellij.gradle.toolingExtension.impl.model.sourceSetArtifactIndex.GradleSourceSetArtifactBuildRequest: loaded 2 times (x 66B)
Class com.amazon.ion.impl.lite.IonSymbolLite                                          : loaded 2 times (x 242B)
Class com.android.builder.model.v2.models.ModelBuilderParameter                       : loaded 2 times (x 66B)
Class kotlin.io.FilesKt__UtilsKt                                                      : loaded 2 times (x 67B)
Class com.google.common.collect.Lists$TransformingRandomAccessList                    : loaded 2 times (x 195B)
Class [Lcom.amazon.ion.impl.bin.IonRawBinaryWriter$StreamCloseMode;                   : loaded 2 times (x 65B)
Class kotlin.collections.CollectionsKt__CollectionsJVMKt                              : loaded 2 times (x 67B)
Class org.gradle.api.internal.classpath.DefaultModuleRegistry                         : loaded 2 times (x 82B)
Class com.amazon.ion.impl.bin.IonManagedBinaryWriter$SymbolState$4                    : loaded 2 times (x 76B)
Class org.jetbrains.plugins.gradle.tooling.serialization.internal.IdeaProjectSerializationService$WriteContext$1: loaded 2 times (x 79B)
Class org.jetbrains.plugins.gradle.model.ExternalProject                              : loaded 2 times (x 66B)
Class org.jetbrains.kotlin.idea.gradleTooling.AndroidAwareGradleModelProvider$Companion: loaded 2 times (x 67B)
Class org.objectweb.asm.ClassVisitor                                                  : loaded 2 times (x 84B)
Class kotlin.collections.CollectionsKt__IteratorsKt                                   : loaded 2 times (x 67B)
Class kotlin.sequences.SequencesKt                                                    : loaded 2 times (x 67B)
Class com.google.common.util.concurrent.ListenableFuture                              : loaded 2 times (x 66B)
Class com.google.common.cache.ReferenceEntry                                          : loaded 2 times (x 66B)
Class com.google.common.base.Converter                                                : loaded 2 times (x 86B)
Class com.amazon.ion.impl.bin.utf8.Pool                                               : loaded 2 times (x 70B)
Class com.amazon.ion.impl._Private_SymtabExtendsCache                                 : loaded 2 times (x 68B)
Class org.jetbrains.plugins.gradle.tooling.serialization.internal.IdeaProjectSerializationService$WriteContext$2: loaded 2 times (x 79B)
Class [Lcom.android.builder.model.v2.ide.CodeShrinker;                                : loaded 2 times (x 65B)
Class kotlin.text.StringsKt                                                           : loaded 2 times (x 67B)
Class [Lorg.objectweb.asm.Symbol;                                                     : loaded 2 times (x 65B)
Class com.google.common.reflect.TypeCapture                                           : loaded 2 times (x 67B)
Class com.google.common.collect.AbstractMapBasedMultimap                              : loaded 2 times (x 135B)
Class com.google.common.util.concurrent.AbstractFuture                                : loaded 2 times (x 102B)
Class com.google.common.base.FunctionalEquivalence                                    : loaded 2 times (x 79B)
Class com.amazon.ion.impl._Private_IonSymbol                                          : loaded 2 times (x 66B)
Class com.amazon.ion.impl.lite.IonValueLite                                           : loaded 2 times (x 143B)
Class com.amazon.ion.IonContainer                                                     : loaded 2 times (x 66B)
Class com.amazon.ion.impl.bin.PooledBlockAllocatorProvider                            : loaded 2 times (x 69B)
Class org.jetbrains.plugins.gradle.tooling.serialization.AnnotationProcessingModelSerializationService$ReadContext: loaded 2 times (x 68B)
Class org.jetbrains.plugins.gradle.tooling.serialization.internal.IdeaProjectSerializationService$WriteContext$3: loaded 2 times (x 79B)
Class com.android.ide.gradle.model.artifacts.AdditionalClassifierArtifacts            : loaded 2 times (x 66B)
Class org.gradle.util.internal.DefaultGradleVersion$Stage                             : loaded 2 times (x 71B)
Class kotlin.coroutines.jvm.internal.RestrictedContinuationImpl                       : loaded 2 times (x 83B)
Class com.google.common.io.CharStreams                                                : loaded 2 times (x 67B)
Class com.google.common.collect.ImmutableMultiset                                     : loaded 2 times (x 159B)
Class com.google.common.reflect.TypeResolver$TypeTable                                : loaded 2 times (x 69B)
Class org.objectweb.asm.RecordComponentVisitor                                        : loaded 2 times (x 73B)
Class com.google.common.cache.CacheLoader$SupplierToCacheLoader                       : loaded 2 times (x 71B)
Class org.jetbrains.kotlin.idea.gradleTooling.AndroidAwareGradleModelProvider         : loaded 2 times (x 79B)
Class org.jetbrains.plugins.gradle.tooling.serialization.internal.IdeaProjectSerializationService$WriteContext$4: loaded 2 times (x 79B)
Class com.intellij.gradle.toolingExtension.impl.model.sourceSetDependencyModel.GradleSourceSetDependencySerialisationService$Companion: loaded 2 times (x 67B)
Class [Lkotlin.Pair;                                                                  : loaded 2 times (x 65B)
Class kotlin.text.StringsKt__StringNumberConversionsKt                                : loaded 2 times (x 67B)
Class kotlin.io.FilesKt__FileReadWriteKt                                              : loaded 2 times (x 67B)
Class com.google.common.collect.UsingToStringOrdering                                 : loaded 2 times (x 110B)
Class kotlin.text.MatchNamedGroupCollection                                           : loaded 2 times (x 66B)
Class kotlin.jvm.internal.markers.KMutableList                                        : loaded 2 times (x 66B)
Class org.gradle.internal.time.MonotonicClock                                         : loaded 2 times (x 73B)
Class com.google.common.reflect.TypeResolver$TypeTable$1                              : loaded 2 times (x 69B)
Class com.google.common.collect.Maps$EntryTransformer                                 : loaded 2 times (x 66B)
Class org.gradle.internal.service.ServiceLookupException                              : loaded 2 times (x 78B)
Class com.amazon.ion.BufferConfiguration$Builder                                      : loaded 2 times (x 74B)
Class org.jetbrains.plugins.gradle.tooling.serialization.internal.IdeaProjectSerializationService$WriteContext$5: loaded 2 times (x 79B)
Class com.intellij.gradle.toolingExtension.impl.model.sourceSetDependencyModel.GradleSourceSetDependencySerialisationService$SourceSetDependencyModelWriteContext: loaded 2 times (x 68B)
Class [Lkotlin.sequences.Sequence;                                                    : loaded 2 times (x 65B)
Class kotlin.sequences.SequencesKt___SequencesKt$sortedWith$1                         : loaded 2 times (x 71B)
Class com.google.common.collect.TransformedListIterator                               : loaded 2 times (x 89B)
Class com.google.common.cache.LocalCache$Values                                       : loaded 2 times (x 114B)
Class com.google.common.base.CharMatcher$JavaLetter                                   : loaded 2 times (x 107B)
Class [Lcom.google.common.cache.LocalCache$EntryFactory;                              : loaded 2 times (x 65B)
Class org.gradle.internal.classloader.ClassLoaderFactory                              : loaded 2 times (x 66B)
Class com.amazon.ion.impl.bin.IntList                                                 : loaded 2 times (x 73B)
Class com.amazon.ion.impl._Private_RecyclingQueue$ElementIterator                     : loaded 2 times (x 78B)
Class com.amazon.ion.impl.lite._Private_LiteDomTrampoline                             : loaded 2 times (x 67B)
Class com.amazon.ion.IonType                                                          : loaded 2 times (x 75B)
Class org.jetbrains.plugins.gradle.tooling.serialization.internal.IdeaProjectSerializationService$WriteContext$6: loaded 2 times (x 79B)
Class org.jetbrains.plugins.gradle.tooling.util.IntObjectMap                          : loaded 2 times (x 69B)
Class org.apache.commons.io.function.IOFunction                                       : loaded 2 times (x 66B)
Class org.gradle.internal.operations.MultipleBuildOperationFailures                   : loaded 2 times (x 91B)
Class com.android.builder.model.v2.ide.LibraryInfo                                    : loaded 2 times (x 66B)
Class [Lorg.apache.commons.io.FileSystem;                                             : loaded 2 times (x 65B)
Class org.apache.commons.io.CloseableURLConnection                                    : loaded 2 times (x 112B)
Class com.google.common.cache.LocalCache$LocalManualCache                             : loaded 2 times (x 95B)
Class com.google.common.base.CommonPattern                                            : loaded 2 times (x 70B)
Class org.gradle.internal.service.CachingServiceLocator                               : loaded 2 times (x 78B)
Class com.amazon.ion.impl.lite.ValueFactoryLite                                       : loaded 2 times (x 214B)
Class org.jetbrains.plugins.gradle.tooling.serialization.internal.IdeaProjectSerializationService$WriteContext$7: loaded 2 times (x 79B)
Class org.jetbrains.plugins.gradle.model.RepositoryModels                             : loaded 2 times (x 66B)
Class org.gradle.tooling.internal.adapter.MethodInvocation                            : loaded 2 times (x 81B)
Class kotlin.collections.AbstractList$SubList                                         : loaded 2 times (x 194B)
Class kotlin.jvm.internal.CallableReference                                           : loaded 2 times (x 102B)
Class com.google.common.collect.Streams                                               : loaded 2 times (x 67B)
Class org.apache.commons.io.filefilter.ConditionalFileFilter                          : loaded 2 times (x 66B)
Class com.google.common.collect.AbstractMapBasedMultimap$KeySet                       : loaded 2 times (x 133B)
Class com.google.common.math.IntMath                                                  : loaded 2 times (x 67B)
Class com.amazon.ion.impl.bin.WriteBuffer                                             : loaded 2 times (x 74B)
Class com.amazon.ion.impl.bin.IonManagedBinaryWriter                                  : loaded 2 times (x 162B)
Class org.jetbrains.plugins.gradle.tooling.serialization.internal.IdeaProjectSerializationService$WriteContext$8: loaded 2 times (x 79B)
Class kotlin.sequences.TransformingSequence                                           : loaded 2 times (x 71B)
Class kotlin.ranges.IntRange                                                          : loaded 2 times (x 89B)
Class [Lorg.gradle.api.JavaVersion;                                                   : loaded 2 times (x 65B)
Class org.gradle.tooling.model.idea.IdeaDependencyScope                               : loaded 2 times (x 66B)
Class org.gradle.internal.time.TimeSource                                             : loaded 2 times (x 66B)
Class org.gradle.tooling.model.kotlin.dsl.KotlinDslScriptsModel                       : loaded 2 times (x 66B)
Class com.google.common.collect.MapMakerInternalMap$InternalEntry                     : loaded 2 times (x 66B)
Class com.google.common.reflect.Types$TypeVariableInvocationHandler                   : loaded 2 times (x 71B)
Class [Lcom.google.common.collect.HashBiMap$BiEntry;                                  : loaded 2 times (x 65B)
Class com.amazon.ion.impl.lite.IonBlobLite                                            : loaded 2 times (x 215B)
Class com.amazon.ion.impl.LocalSymbolTable                                            : loaded 2 times (x 117B)
Class org.jetbrains.plugins.gradle.tooling.serialization.SerializationService         : loaded 2 times (x 66B)
Class com.android.utils.FileUtils                                                     : loaded 2 times (x 67B)
Class com.android.builder.model.v2.ide.AaptOptions$Namespacing                        : loaded 2 times (x 75B)
Class com.android.builder.model.v2.ide.TestInfo                                       : loaded 2 times (x 66B)
Class com.intellij.util.ThrowableConsumer                                             : loaded 2 times (x 66B)
Class org.gradle.tooling.internal.gradle.GradleBuildIdentity                          : loaded 2 times (x 66B)
Class kotlin.enums.EnumEntries                                                        : loaded 2 times (x 66B)
Class com.google.common.base.Predicates                                               : loaded 2 times (x 67B)
Class com.google.common.base.Equivalence                                              : loaded 2 times (x 78B)
Class com.amazon.ion.IonList                                                          : loaded 2 times (x 66B)
Class org.jetbrains.plugins.gradle.tooling.serialization.internal.adapter.Supplier    : loaded 2 times (x 66B)
Class com.android.builder.model.v2.ide.JavaCompileOptions                             : loaded 2 times (x 66B)
Class org.apache.commons.io.FileSystem                                                : loaded 2 times (x 76B)
Class org.gradle.tooling.internal.adapter.ProtocolToModelAdapter$MixInMappingAction   : loaded 2 times (x 76B)
Class org.gradle.internal.exceptions.ResolutionProvider                               : loaded 2 times (x 66B)
Class org.apache.commons.io.output.AbstractByteArrayOutputStream                      : loaded 2 times (x 98B)
Class com.google.common.collect.IndexedImmutableSet$1                                 : loaded 2 times (x 209B)
Class com.google.common.cache.CacheBuilder$OneWeigher                                 : loaded 2 times (x 78B)
Class com.amazon.ion.IonSystem                                                        : loaded 2 times (x 66B)
Class com.amazon.ion.impl.bin.IonManagedBinaryWriter$ImportedSymbolContext            : loaded 2 times (x 68B)
Class kotlin.text.MatchResult$DefaultImpls                                            : loaded 2 times (x 67B)
Class org.gradle.tooling.model.idea.IdeaCompilerOutput                                : loaded 2 times (x 66B)
Class org.gradle.tooling.model.ProjectIdentifier                                      : loaded 2 times (x 66B)
Class com.google.common.collect.Maps$EntryFunction                                    : loaded 2 times (x 87B)
Class com.google.common.reflect.Types$ClassOwnership$1LocalClass                      : loaded 2 times (x 67B)
Class org.gradle.internal.classloader.ClasspathUtil                                   : loaded 2 times (x 67B)
Class com.intellij.gradle.toolingExtension.impl.model.sourceSetModel.GradleSourceSetSerialisationService: loaded 2 times (x 73B)
Class com.android.builder.model.v2.ide.ComponentInfo                                  : loaded 2 times (x 66B)
Class kotlin.io.FileSystemException                                                   : loaded 2 times (x 78B)
Class com.android.builder.model.v2.ide.ProjectType                                    : loaded 2 times (x 75B)
Class com.google.common.collect.ComparisonChain                                       : loaded 2 times (x 76B)
Class build_e6wuatg8o7vcybfw7wdots1bn$_run_closure1                                   : loaded 2 times (x 135B)
Class com.google.common.base.Charsets                                                 : loaded 2 times (x 67B)
Class com.google.common.util.concurrent.Uninterruptibles                              : loaded 2 times (x 67B)
Class com.amazon.ion.impl.lite.IonIntLite                                             : loaded 2 times (x 185B)
Class com.amazon.ion.util._Private_FastAppendable                                     : loaded 2 times (x 66B)
Class [Lcom.amazon.ion.impl.bin.IonRawBinaryWriter$PreallocationMode;                 : loaded 2 times (x 65B)
Class kotlin.sequences.DistinctSequence                                               : loaded 2 times (x 71B)
Class com.android.builder.model.v2.dsl.BaseConfig                                     : loaded 2 times (x 66B)
Class org.gradle.internal.time.TimeSource$1                                           : loaded 2 times (x 73B)
Class kotlin.jvm.internal.DefaultConstructorMarker                                    : loaded 2 times (x 67B)
Class com.google.common.io.CharSource                                                 : loaded 2 times (x 81B)
Class com.google.common.collect.Maps                                                  : loaded 2 times (x 67B)
Class org.gradle.api.specs.Spec                                                       : loaded 2 times (x 66B)
Class com.amazon.ion.impl.lite.IonSexpLite                                            : loaded 2 times (x 486B)
Class com.amazon.ion.impl.lite.IonListLite                                            : loaded 2 times (x 486B)
Class com.amazon.ion.IonFloat                                                         : loaded 2 times (x 66B)
Class com.google.common.io.ByteArrayDataOutput                                        : loaded 2 times (x 66B)
Class com.google.common.collect.MapMaker                                              : loaded 2 times (x 68B)
Class org.apache.commons.io.file.PathFilter                                           : loaded 2 times (x 66B)
Class com.google.common.reflect.Types$JavaVersion                                     : loaded 2 times (x 79B)
Class com.amazon.ion.impl.LocalSymbolTable$Factory                                    : loaded 2 times (x 73B)
Class com.amazon.ion.impl.bin.IonManagedBinaryWriter$ImportedSymbolResolverMode       : loaded 2 times (x 76B)
Class com.intellij.gradle.toolingExtension.impl.model.buildScriptClasspathModel.GradleBuildScriptClasspathSerializationService: loaded 2 times (x 73B)
Class kotlin.jvm.internal.ArrayIterator                                               : loaded 2 times (x 75B)
Class com.google.common.cache.LocalCache$LoadingValueReference                        : loaded 2 times (x 92B)
Class com.amazon.ion.impl.LocalSymbolTableAsStruct                                    : loaded 2 times (x 122B)
Class com.amazon.ion.impl.lite.IonTimestampLite                                       : loaded 2 times (x 188B)
Class org.jetbrains.plugins.gradle.model.FileCollectionDependency                     : loaded 2 times (x 66B)
Class org.gradle.internal.impldep.gnu.trove.TObjectHashingStrategy                    : loaded 2 times (x 66B)
Class com.intellij.gradle.toolingExtension.impl.model.utilDummyModel.DummyModel       : loaded 2 times (x 66B)
Class kotlin.collections.EmptyIterator                                                : loaded 2 times (x 85B)
Class kotlin.text.StringsKt__RegexExtensionsKt                                        : loaded 2 times (x 67B)
Class org.gradle.internal.time.Clock                                                  : loaded 2 times (x 66B)
Class com.google.common.io.LineReader$1                                               : loaded 2 times (x 71B)
Class com.google.common.collect.CollectSpliterators                                   : loaded 2 times (x 67B)
Class com.google.common.collect.AbstractMapBasedMultimap$AsMap                        : loaded 2 times (x 124B)
Class org.apache.commons.io.filefilter.AndFileFilter                                  : loaded 2 times (x 128B)
Class com.google.common.collect.MapMakerInternalMap$StrongKeyDummyValueEntry          : loaded 2 times (x 78B)
Class com.google.common.reflect.Invokable$MethodInvokable                             : loaded 2 times (x 103B)
Class com.google.common.base.Platform                                                 : loaded 2 times (x 67B)
Class com.amazon.ion.IonString                                                        : loaded 2 times (x 66B)
Class org.jetbrains.plugins.gradle.model.GradleSourceSetDependencyModel               : loaded 2 times (x 66B)
Class [Lcom.android.builder.model.v2.ide.TestInfo$Execution;                          : loaded 2 times (x 65B)
Class kotlin.io.FilePathComponents                                                    : loaded 2 times (x 68B)
Class com.android.builder.model.v2.dsl.ProductFlavor                                  : loaded 2 times (x 66B)
Class com.google.common.collect.CompoundOrdering                                      : loaded 2 times (x 111B)
Class kotlin.sequences.SequencesKt__SequencesJVMKt                                    : loaded 2 times (x 67B)
Class kotlin.coroutines.jvm.internal.RestrictedSuspendLambda                          : loaded 2 times (x 87B)
Class org.gradle.tooling.internal.adapter.TypeInspector                               : loaded 2 times (x 69B)
Class org.gradle.tooling.internal.adapter.ProtocolToModelAdapter$NoOpDecoration       : loaded 2 times (x 75B)
Class org.gradle.tooling.model.Element                                                : loaded 2 times (x 66B)
Class kotlin.collections.AbstractList                                                 : loaded 2 times (x 193B)
Class kotlin.collections.AbstractCollection                                           : loaded 2 times (x 113B)
Class com.google.common.collect.AbstractMapBasedMultimap$WrappedList                  : loaded 2 times (x 201B)
Class [Lorg.objectweb.asm.AnnotationWriter;                                           : loaded 2 times (x 65B)
Class com.google.common.collect.Maps$8                                                : loaded 2 times (x 78B)
Class com.amazon.ion.BufferConfiguration                                              : loaded 2 times (x 69B)
Class com.amazon.ion.system.SimpleCatalog                                             : loaded 2 times (x 87B)
Class com.intellij.gradle.toolingExtension.impl.model.taskModel.GradleTaskSerialisationService: loaded 2 times (x 72B)
Class com.android.ide.gradle.model.LegacyV1AgpVersionModel                            : loaded 2 times (x 66B)
Class org.gradle.tooling.internal.adapter.TargetTypeProvider                          : loaded 2 times (x 66B)
Class kotlin.text.StringsKt__StringBuilderJVMKt                                       : loaded 2 times (x 67B)
Class com.android.builder.model.v2.ide.AndroidArtifact                                : loaded 2 times (x 66B)
Class kotlin.text.Regex                                                               : loaded 2 times (x 68B)
Class kotlin.sequences.SequencesKt__SequenceBuilderKt$sequence$$inlined$Sequence$1    : loaded 2 times (x 71B)
Class [Lcom.google.common.collect.Iterators$EmptyModifiableIterator;                  : loaded 2 times (x 65B)
Class com.google.common.base.Predicates$CompositionPredicate                          : loaded 2 times (x 84B)
Class com.google.common.collect.Sets$SetView                                          : loaded 2 times (x 134B)
Class com.google.common.cache.LocalCache$StrongValueReference                         : loaded 2 times (x 86B)
Class com.google.common.util.concurrent.AbstractFuture$SynchronizedHelper             : loaded 2 times (x 74B)
Class org.jetbrains.plugins.gradle.tooling.util.IntObjectMap$1                        : loaded 2 times (x 73B)
Class org.gradle.internal.impldep.com.google.common.base.Preconditions                : loaded 2 times (x 67B)
Class org.gradle.tooling.model.internal.ImmutableDomainObjectSet                      : loaded 2 times (x 151B)
Class com.google.common.graph.SuccessorsFunction                                      : loaded 2 times (x 66B)
Class org.objectweb.asm.Type                                                          : loaded 2 times (x 68B)
Class org.gradle.internal.classloader.VisitableURLClassLoader$InstrumentingVisitableURLClassLoader: loaded 2 times (x 119B)
Class [Lcom.amazon.ion.impl.bin.IonRawBinaryWriter$StreamFlushMode;                   : loaded 2 times (x 65B)
Class com.amazon.ion.UnsupportedIonVersionException                                   : loaded 2 times (x 81B)
Class kotlin.comparisons.ComparisonsKt__ComparisonsKt                                 : loaded 2 times (x 67B)
Class [Lcom.android.builder.model.v2.ide.AndroidGradlePluginProjectFlags$BooleanFlag; : loaded 2 times (x 65B)
Class com.android.builder.model.v2.ide.AndroidGradlePluginProjectFlags                : loaded 2 times (x 66B)
Class com.android.builder.model.v2.ide.BasicVariant                                   : loaded 2 times (x 66B)
Class kotlin.ranges.RangesKt__RangesKt                                                : loaded 2 times (x 67B)
Class kotlin.collections.SetsKt___SetsKt                                              : loaded 2 times (x 67B)
Class kotlin.sequences.SequencesKt__SequencesKt                                       : loaded 2 times (x 67B)
Class kotlin.coroutines.Continuation                                                  : loaded 2 times (x 66B)
Class com.google.common.collect.MapMakerInternalMap$StrongKeyDummyValueEntry$Helper   : loaded 2 times (x 75B)
Class org.apache.commons.io.FileUtils                                                 : loaded 2 times (x 67B)
Class com.google.common.io.Files$FileByteSink                                         : loaded 2 times (x 73B)
Class org.objectweb.asm.ByteVector                                                    : loaded 2 times (x 75B)
Class [Lcom.google.common.cache.CacheBuilder$NullListener;                            : loaded 2 times (x 65B)
Class com.google.common.math.IntMath$1                                                : loaded 2 times (x 67B)
Class org.gradle.internal.classloader.VisitableURLClassLoader$Spec                    : loaded 2 times (x 70B)
Class org.gradle.internal.classpath.DefaultClassPath                                  : loaded 2 times (x 86B)
Class com.amazon.ion.impl.bin.IonManagedBinaryWriter$SymbolState                      : loaded 2 times (x 76B)
Class com.amazon.ion.IonStruct                                                        : loaded 2 times (x 66B)
Class org.jetbrains.plugins.gradle.model.GradleBuildScriptClasspathModel              : loaded 2 times (x 66B)
Class kotlin.text.CharsKt__CharJVMKt                                                  : loaded 2 times (x 67B)
Class kotlin.sequences.FilteringSequence                                              : loaded 2 times (x 71B)
Class kotlin.comparisons.ComparisonsKt                                                : loaded 2 times (x 67B)
Class kotlin.comparisons.ComparisonsKt___ComparisonsKt                                : loaded 2 times (x 67B)
Class com.android.builder.model.v2.ide.BundleInfo                                     : loaded 2 times (x 66B)
Class com.android.builder.model.v2.ide.SourceProvider                                 : loaded 2 times (x 66B)
Class kotlin.coroutines.jvm.internal.BaseContinuationImpl                             : loaded 2 times (x 83B)
Class kotlin.Result$Companion                                                         : loaded 2 times (x 67B)
Class org.gradle.util.internal.DefaultGradleVersion                                   : loaded 2 times (x 80B)
Class com.google.common.reflect.Types$ClassOwnership                                  : loaded 2 times (x 76B)
Class org.objectweb.asm.Symbol                                                        : loaded 2 times (x 69B)
Class com.google.common.base.AbstractIterator                                         : loaded 2 times (x 76B)
Class kotlin.ranges.IntProgression$Companion                                          : loaded 2 times (x 67B)
Class org.jetbrains.plugins.gradle.model.AnnotationProcessingModel                    : loaded 2 times (x 66B)
Class org.jetbrains.plugins.gradle.model.GradleExtensions                             : loaded 2 times (x 66B)
Class com.google.common.io.Java8Compatibility                                         : loaded 2 times (x 67B)
Class com.google.common.collect.Sets$FilteredSet                                      : loaded 2 times (x 133B)
Class com.google.common.io.Closer                                                     : loaded 2 times (x 74B)
Class com.google.common.base.CharMatcher$Ascii                                        : loaded 2 times (x 108B)
Class org.gradle.internal.classloader.ClassLoaderSpec                                 : loaded 2 times (x 67B)
Class com.amazon.ion.impl.IonWriterSystemTextMarkup                                   : loaded 2 times (x 188B)
Class com.amazon.ion.impl.bin.BlockAllocator                                          : loaded 2 times (x 76B)
Class kotlin.jvm.internal.FunctionReferenceImpl                                       : loaded 2 times (x 118B)
Class kotlin.collections.CollectionsKt___CollectionsJvmKt                             : loaded 2 times (x 67B)
Class com.google.common.io.ByteSource$EmptyByteSource                                 : loaded 2 times (x 81B)
Class org.objectweb.asm.AnnotationWriter                                              : loaded 2 times (x 75B)
Class com.google.common.cache.CacheStats                                              : loaded 2 times (x 67B)
Class com.amazon.ion.impl._Private_RecyclingQueue                                     : loaded 2 times (x 76B)
Class com.amazon.ion.system.IonWriterBuilderBase                                      : loaded 2 times (x 79B)
Class com.amazon.ion.system.IonBinaryWriterBuilder                                    : loaded 2 times (x 95B)
Class [Lcom.android.builder.model.v2.ide.ProjectType;                                 : loaded 2 times (x 65B)
Class kotlin.TuplesKt                                                                 : loaded 2 times (x 67B)
Class kotlin.jvm.internal.markers.KMutableIterable                                    : loaded 2 times (x 66B)
Class kotlin.sequences.SequencesKt___SequencesJvmKt                                   : loaded 2 times (x 67B)
Class org.gradle.tooling.internal.adapter.ProtocolToModelAdapter$DefaultViewBuilder   : loaded 2 times (x 76B)
Class kotlin.Unit                                                                     : loaded 2 times (x 67B)
Class com.google.common.collect.ImmutableMultisetGwtSerializationDependencies         : loaded 2 times (x 121B)
Class com.google.common.collect.Interners                                             : loaded 2 times (x 67B)
Class com.google.common.io.LineProcessor                                              : loaded 2 times (x 66B)
Class com.google.common.io.Closer$Suppressor                                          : loaded 2 times (x 66B)
Class org.objectweb.asm.RecordComponentWriter                                         : loaded 2 times (x 74B)
Class com.google.common.util.concurrent.AbstractFuture$Listener                       : loaded 2 times (x 68B)
Class com.android.ide.common.gradle.Version$Companion$ParseState                      : loaded 2 times (x 66B)
Class [Lcom.android.builder.model.v2.ide.AaptOptions$Namespacing;                     : loaded 2 times (x 65B)
Class kotlin.ranges.RangesKt                                                          : loaded 2 times (x 67B)
Class org.gradle.tooling.internal.adapter.ProtocolToModelAdapter$ViewGraphDetails$1   : loaded 2 times (x 73B)
Class org.objectweb.asm.Attribute                                                     : loaded 2 times (x 73B)
Class com.google.common.base.Supplier                                                 : loaded 2 times (x 66B)
Class org.gradle.internal.classloader.VisitableURLClassLoader                         : loaded 2 times (x 113B)
Class com.amazon.ion.impl.bin.IonRawBinaryWriter$1                                    : loaded 2 times (x 73B)
Class [Lcom.amazon.ion.SymbolTable;                                                   : loaded 2 times (x 65B)
Class com.amazon.ion.impl.bin.IonBinaryWriterAdapter$Factory                          : loaded 2 times (x 66B)
Class com.amazon.ion.impl.BlockedBuffer$BufferedOutputStream                          : loaded 2 times (x 86B)
Class org.jetbrains.plugins.gradle.tooling.serialization.ExternalTestsSerializationService$ReadContext: loaded 2 times (x 68B)
Class com.amazon.ion.impl.bin.IonManagedBinaryWriter$UserState$4                      : loaded 2 times (x 81B)
Class com.android.ide.common.repository.AgpVersion$Companion                          : loaded 2 times (x 67B)
Class kotlin.collections.ArraysUtilJVM                                                : loaded 2 times (x 67B)
Class kotlin.sequences.FlatteningSequence$iterator$1                                  : loaded 2 times (x 75B)
Class kotlin.jvm.functions.Function0                                                  : loaded 2 times (x 66B)
Class org.jetbrains.plugins.gradle.model.UnresolvedExternalDependency                 : loaded 2 times (x 66B)
Class org.gradle.api.internal.classpath.ManifestUtil                                  : loaded 2 times (x 67B)
Class org.gradle.tooling.model.idea.IdeaDependency                                    : loaded 2 times (x 66B)
Class org.apache.commons.io.file.PathVisitor                                          : loaded 2 times (x 66B)
Class com.google.common.util.concurrent.AbstractFuture$Waiter                         : loaded 2 times (x 68B)
Class settings_5vj7az9kptqdw28nbcu65b3te$_run_closure1$_closure2                      : loaded 2 times (x 135B)
Class com.amazon.ion.impl.bin.AbstractIonWriter$WriteValueOptimization                : loaded 2 times (x 75B)
Class com.google.common.util.concurrent.ExecutionError                                : loaded 2 times (x 78B)
Class com.android.ide.common.gradle.Version$Companion                                 : loaded 2 times (x 67B)
Class [Lcom.android.builder.model.v2.ide.BytecodeTransformation;                      : loaded 2 times (x 65B)
Class com.android.builder.model.v2.ide.AaptOptions                                    : loaded 2 times (x 66B)
Class kotlin.collections.AbstractMutableList                                          : loaded 2 times (x 202B)
Class kotlin.jvm.functions.Function1                                                  : loaded 2 times (x 66B)
Class com.google.common.collect.MapMakerInternalMap                                   : loaded 2 times (x 157B)
Class com.google.common.collect.HashBiMap                                             : loaded 2 times (x 139B)
Class com.google.common.base.Strings                                                  : loaded 2 times (x 67B)
Class com.google.common.collect.Sets                                                  : loaded 2 times (x 67B)
Class org.objectweb.asm.Handler                                                       : loaded 2 times (x 68B)
Class com.google.common.base.Ticker                                                   : loaded 2 times (x 68B)
Class settings_5vj7az9kptqdw28nbcu65b3te                                              : loaded 2 times (x 175B)
Class com.amazon.ion.impl.bin.BlockAllocatorProvider                                  : loaded 2 times (x 68B)
Class org.jetbrains.plugins.gradle.tooling.serialization.internal.IdeaProjectSerializationService$WriteContext: loaded 2 times (x 68B)
Class com.intellij.gradle.toolingExtension.impl.model.sourceSetDependencyModel.GradleSourceSetDependencySerialisationService: loaded 2 times (x 73B)
Class org.jetbrains.plugins.gradle.model.GradleSourceSetModel                         : loaded 2 times (x 66B)
Class com.android.builder.model.v2.models.ndk.NativeModelBuilderParameter             : loaded 2 times (x 66B)
Class kotlin.KotlinNothingValueException                                              : loaded 2 times (x 78B)
Class com.google.common.collect.ImmutableEnumSet                                      : loaded 2 times (x 142B)
Class com.google.common.collect.AbstractMapBasedMultimap$WrappedCollection            : loaded 2 times (x 120B)
Class kotlin.jvm.functions.Function2                                                  : loaded 2 times (x 66B)
Class com.google.common.cache.RemovalCause$1                                          : loaded 2 times (x 76B)
Class [Lcom.google.common.cache.LocalCache$Segment;                                   : loaded 2 times (x 65B)
Class [Lcom.google.common.cache.LocalCache$Strength;                                  : loaded 2 times (x 65B)
Class com.google.common.cache.CacheBuilder$1                                          : loaded 2 times (x 81B)
Class org.gradle.internal.classpath.DefaultClassPath$ImmutableUniqueList$Builder      : loaded 2 times (x 71B)
Class com.amazon.ion.impl.lite.IonSequenceLite                                        : loaded 2 times (x 428B)
Class com.amazon.ion.impl._Private_Utils$1                                            : loaded 2 times (x 85B)
Class com.amazon.ion.impl.SymbolTableAsStruct                                         : loaded 2 times (x 66B)
Class [Lcom.google.common.cache.RemovalCause;                                         : loaded 2 times (x 65B)
Class org.gradle.tooling.internal.adapter.ProtocolToModelAdapter$InvocationHandlerImpl: loaded 2 times (x 73B)
Class kotlin.collections.MapsKt___MapsJvmKt                                           : loaded 2 times (x 67B)
Class org.gradle.tooling.internal.adapter.WeakIdentityHashMap$AbsentValueProvider     : loaded 2 times (x 66B)
Class com.google.common.cache.RemovalCause$2                                          : loaded 2 times (x 76B)
Class com.google.common.collect.MapMakerInternalMap$WeakValueReference                : loaded 2 times (x 66B)
Class com.google.common.cache.LocalCache                                              : loaded 2 times (x 183B)
Class com.google.common.cache.CacheBuilder$2                                          : loaded 2 times (x 75B)
Class com.amazon.ion.impl.bin.AbstractIonWriter                                       : loaded 2 times (x 157B)
Class org.jetbrains.plugins.gradle.tooling.util.ObjectCollector$Processor             : loaded 2 times (x 66B)
Class org.jetbrains.kotlin.idea.gradleTooling.model.samWithReceiver.SamWithReceiverModel: loaded 2 times (x 66B)
Class org.gradle.tooling.model.build.GradleEnvironment                                : loaded 2 times (x 66B)
Class kotlin.jvm.functions.Function4                                                  : loaded 2 times (x 66B)
Class com.android.builder.model.v2.models.VariantDependenciesAdjacencyList            : loaded 2 times (x 66B)
Class kotlin.collections.EmptySet                                                     : loaded 2 times (x 118B)
Class kotlin.collections.CollectionsKt___CollectionsKt                                : loaded 2 times (x 67B)
Class kotlin.annotation.Target                                                        : loaded 2 times (x 66B)
Class org.jetbrains.plugins.gradle.tooling.util.IntObjectMap$ObjectFactory            : loaded 2 times (x 66B)
Class org.gradle.internal.exceptions.NonGradleCauseExceptionsHolder                   : loaded 2 times (x 66B)
Class org.gradle.tooling.model.idea.IdeaModuleDependency                              : loaded 2 times (x 66B)
Class org.gradle.tooling.internal.adapter.ViewBuilder                                 : loaded 2 times (x 66B)
Class com.google.common.cache.RemovalCause$3                                          : loaded 2 times (x 76B)
Class com.google.common.collect.ArrayListMultimap                                     : loaded 2 times (x 168B)
Class com.google.common.cache.CacheBuilder$3                                          : loaded 2 times (x 68B)
Class com.amazon.ion.system.IonReaderBuilder                                          : loaded 2 times (x 89B)
Class org.jetbrains.plugins.gradle.model.AnnotationProcessingConfig                   : loaded 2 times (x 66B)
Class com.amazon.ion.IonReader                                                        : loaded 2 times (x 66B)
Class com.android.ide.common.gradle.Version                                           : loaded 2 times (x 71B)
Class com.android.builder.model.v2.ide.AndroidLibraryData                             : loaded 2 times (x 66B)
Class kotlin.text.StringsKt___StringsJvmKt                                            : loaded 2 times (x 67B)
Class com.android.builder.model.v2.ide.ApiVersion                                     : loaded 2 times (x 66B)
Class kotlin.reflect.KDeclarationContainer                                            : loaded 2 times (x 66B)
Class kotlin.annotation.Retention                                                     : loaded 2 times (x 66B)
Class com.google.common.cache.RemovalCause$4                                          : loaded 2 times (x 76B)
Class com.google.common.base.Suppliers$MemoizingSupplier                              : loaded 2 times (x 75B)
Class org.apache.commons.io.StandardLineSeparator                                     : loaded 2 times (x 75B)
Class com.google.common.collect.CollectPreconditions                                  : loaded 2 times (x 67B)
Class com.amazon.ion.IonClob                                                          : loaded 2 times (x 66B)
Class org.jetbrains.plugins.gradle.tooling.ModelBuilderService$Parameter              : loaded 2 times (x 66B)
Class kotlin.io.FilesKt                                                               : loaded 2 times (x 67B)
Class com.android.builder.model.v2.models.Versions$Version                            : loaded 2 times (x 66B)
Class kotlin.collections.MapsKt___MapsKt                                              : loaded 2 times (x 67B)
Class kotlin.collections.ArraysKt___ArraysKt                                          : loaded 2 times (x 67B)
Class com.google.common.cache.RemovalCause$5                                          : loaded 2 times (x 76B)
Class [Lcom.google.common.collect.MapMakerInternalMap$Strength;                       : loaded 2 times (x 65B)
Class [Lcom.google.common.io.FileWriteMode;                                           : loaded 2 times (x 65B)
Class com.google.common.collect.Maps$AbstractFilteredMap                              : loaded 2 times (x 123B)
Class com.google.common.collect.SortedMapDifference                                   : loaded 2 times (x 66B)
Class com.amazon.ion.impl.lite.IonLobLite                                             : loaded 2 times (x 180B)
Class com.amazon.ion.impl.lite.IonTextLite                                            : loaded 2 times (x 177B)
Class com.amazon.ion.IonNumber                                                        : loaded 2 times (x 66B)
Class org.gradle.internal.impldep.gnu.trove.TObjectIntProcedure                       : loaded 2 times (x 66B)
Class kotlin.collections.MapsKt__MapWithDefaultKt                                     : loaded 2 times (x 67B)
Class org.gradle.tooling.internal.adapter.ProtocolToModelAdapter$ReflectionMethodInvoker: loaded 2 times (x 72B)
Class com.google.common.collect.Iterables$4                                           : loaded 2 times (x 77B)
Class com.google.common.collect.MapMakerInternalMap$StrongKeyDummyValueSegment        : loaded 2 times (x 138B)
Class com.google.common.io.Files                                                      : loaded 2 times (x 67B)
Class com.google.common.cache.LocalCache$WriteThroughEntry                            : loaded 2 times (x 75B)
Class com.google.common.cache.LocalCache$HashIterator                                 : loaded 2 times (x 82B)
Class com.google.common.cache.LocalCache$EntryFactory                                 : loaded 2 times (x 79B)
Class [Lcom.amazon.ion.impl.bin.IonManagedBinaryWriter$UserState;                     : loaded 2 times (x 65B)
Class com.amazon.ion.impl.bin.utf8.Utf8StringEncoder                                  : loaded 2 times (x 76B)
Class com.amazon.ion.IonBool                                                          : loaded 2 times (x 66B)
Class org.jetbrains.kotlin.idea.gradleTooling.model.assignment.AssignmentModel        : loaded 2 times (x 66B)
Class [Lcom.android.ide.common.gradle.Separator;                                      : loaded 2 times (x 65B)
Class kotlin.text.StringsKt___StringsKt                                               : loaded 2 times (x 67B)
Class com.google.common.collect.NullsLastOrdering                                     : loaded 2 times (x 111B)
Class kotlin.collections.CollectionsKt__MutableCollectionsJVMKt                       : loaded 2 times (x 67B)
Class com.amazon.ion.IonException                                                     : loaded 2 times (x 80B)
Class kotlin.enums.EnumEntriesKt                                                      : loaded 2 times (x 67B)
Class [Lcom.google.common.collect.MapMaker$Dummy;                                     : loaded 2 times (x 65B)
Class com.google.common.base.CharMatcher$Whitespace                                   : loaded 2 times (x 108B)
Class com.google.common.collect.Iterables$5                                           : loaded 2 times (x 77B)
Class com.google.common.reflect.Types$NativeTypeVariableEquals                        : loaded 2 times (x 67B)
Class com.google.common.reflect.TypeParameter                                         : loaded 2 times (x 68B)
Class com.google.common.cache.LocalCache$AbstractReferenceEntry                       : loaded 2 times (x 103B)
Class com.google.common.base.Splitter$1$1                                             : loaded 2 times (x 82B)
Class com.amazon.ion.IonLoader                                                        : loaded 2 times (x 66B)
Class org.jetbrains.plugins.gradle.model.GradleProperty                               : loaded 2 times (x 66B)
Class com.amazon.ion.impl.bin.IonManagedBinaryWriter$UserState$3                      : loaded 2 times (x 81B)
Class org.gradle.internal.classloader.ClassLoaderHierarchy                            : loaded 2 times (x 66B)
Class com.android.builder.model.v2.models.VariantDependencies                         : loaded 2 times (x 66B)
Class com.google.common.collect.ImmutableMapKeySet                                    : loaded 2 times (x 148B)
Class org.objectweb.asm.SymbolTable                                                   : loaded 2 times (x 68B)
Class com.google.common.cache.CacheLoader$InvalidCacheLoadException                   : loaded 2 times (x 78B)
Class org.gradle.internal.classloader.SystemClassLoaderSpec                           : loaded 2 times (x 67B)
Class com.amazon.ion.impl._Private_Utils                                              : loaded 2 times (x 67B)
Class kotlin.ranges.IntRange$Companion                                                : loaded 2 times (x 67B)
Class com.android.builder.model.v2.ide.TestedTargetVariant                            : loaded 2 times (x 66B)
Class kotlin.text.MatcherMatchResult$groups$1                                         : loaded 2 times (x 147B)
Class kotlin.collections.EmptyMap                                                     : loaded 2 times (x 105B)
Class kotlin.reflect.KAnnotatedElement                                                : loaded 2 times (x 66B)
Class kotlin.jvm.internal.markers.KMutableCollection                                  : loaded 2 times (x 66B)
Class kotlin.coroutines.intrinsics.IntrinsicsKt                                       : loaded 2 times (x 67B)
Class org.gradle.internal.exceptions.MultiCauseException                              : loaded 2 times (x 66B)
Class org.gradle.internal.time.CountdownTimer                                         : loaded 2 times (x 66B)
Class kotlin.jvm.internal.Intrinsics                                                  : loaded 2 times (x 67B)
Class com.google.common.collect.FluentIterable                                        : loaded 2 times (x 77B)
Class com.google.common.cache.LocalCache$StrongEntry                                  : loaded 2 times (x 104B)
Class com.google.common.util.concurrent.AbstractFuture$TrustedFuture                  : loaded 2 times (x 110B)
Class com.google.common.cache.LoadingCache                                            : loaded 2 times (x 66B)
Class com.intellij.gradle.toolingExtension.impl.model.projectModel.GradleExternalProjectSerializationService$ReadContext: loaded 2 times (x 69B)
Class com.intellij.gradle.toolingExtension.impl.model.dependencyModel.DependencyWriteContext: loaded 2 times (x 68B)
Class org.jetbrains.kotlin.idea.gradleTooling.model.parcelize.ParcelizeGradleModel    : loaded 2 times (x 66B)
Class kotlin.sequences.SequencesKt__SequencesKt$flatten$1                             : loaded 2 times (x 74B)
Class [Lcom.google.common.base.AbstractIterator$State;                                : loaded 2 times (x 65B)
Class kotlin.collections.MapsKt                                                       : loaded 2 times (x 67B)
Class kotlin.collections.CollectionsKt__IterablesKt                                   : loaded 2 times (x 67B)
Class kotlin.coroutines.intrinsics.CoroutineSingletons                                : loaded 2 times (x 75B)
Class org.gradle.tooling.model.ProjectModel                                           : loaded 2 times (x 66B)
Class com.google.common.io.ByteStreams$LimitedInputStream                             : loaded 2 times (x 88B)
Class com.google.common.base.Suppliers$NonSerializableMemoizingSupplier               : loaded 2 times (x 75B)
Class org.objectweb.asm.MethodWriter                                                  : loaded 2 times (x 102B)
Class [Lcom.google.common.cache.Weigher;                                              : loaded 2 times (x 65B)
Class com.amazon.ion.impl.bin.utf8.Utf8StringEncoderPool                              : loaded 2 times (x 70B)
Class org.jetbrains.plugins.gradle.model.GradleConfiguration                          : loaded 2 times (x 66B)
Class com.amazon.ion.impl._Private_IonSystem                                          : loaded 2 times (x 66B)
Class com.amazon.ion.BufferConfiguration$OversizedValueHandler                        : loaded 2 times (x 66B)
Class com.android.ide.common.gradle.Version$Companion$ParseState$EMPTY                : loaded 2 times (x 70B)
Class kotlin.ranges.OpenEndRange                                                      : loaded 2 times (x 66B)
Class kotlin.sequences.SequenceBuilderIterator                                        : loaded 2 times (x 81B)
Class kotlin.KotlinNullPointerException                                               : loaded 2 times (x 79B)
Class com.google.common.collect.ImmutableMultimap$1                                   : loaded 2 times (x 78B)
Class com.google.common.collect.AbstractMapBasedMultimap$RandomAccessWrappedList      : loaded 2 times (x 201B)
Class com.amazon.ion.IonDecimal                                                       : loaded 2 times (x 66B)
Class org.jetbrains.plugins.gradle.model.tests.ExternalTestsModel                     : loaded 2 times (x 66B)
Class kotlin.sequences.SequencesKt__SequencesKt$flatten$3                             : loaded 2 times (x 74B)
Class com.google.common.io.FileWriteMode                                              : loaded 2 times (x 75B)
Class [Lcom.google.common.collect.MapMakerInternalMap$Segment;                        : loaded 2 times (x 65B)
Class com.android.ide.common.repository.AgpVersion$Companion$WhenMappings             : loaded 2 times (x 67B)
Class kotlin.ranges.RangesKt___RangesKt                                               : loaded 2 times (x 67B)
Class org.gradle.tooling.model.idea.IdeaLanguageLevel                                 : loaded 2 times (x 66B)
Class org.gradle.tooling.internal.adapter.ProtocolToModelAdapter$SafeMethodInvoker    : loaded 2 times (x 72B)
Class org.gradle.tooling.internal.adapter.WeakIdentityHashMap$WeakKey                 : loaded 2 times (x 75B)
Class org.gradle.internal.exceptions.DefaultMultiCauseException                       : loaded 2 times (x 91B)
Class com.google.common.collect.ImmutableMultimap$2                                   : loaded 2 times (x 77B)
Class com.google.common.collect.AbstractIterator$State                                : loaded 2 times (x 75B)
Class com.google.common.reflect.Types$JavaVersion$1                                   : loaded 2 times (x 79B)
Class com.google.common.collect.RegularImmutableBiMap                                 : loaded 2 times (x 145B)
Class com.google.common.cache.LocalCache$ValueReference                               : loaded 2 times (x 66B)
Class com.amazon.ion.impl.bin.IonRawBinaryWriter$StreamCloseMode                      : loaded 2 times (x 75B)
Class com.amazon.ion.impl._Private_IonBinaryWriterBuilder$Mutable                     : loaded 2 times (x 111B)
Class com.intellij.gradle.toolingExtension.impl.model.projectModel.GradleExternalProjectSerializationService: loaded 2 times (x 73B)
Class kotlin.text.CharsKt__CharKt                                                     : loaded 2 times (x 67B)
Class com.android.builder.model.v2.ide.ProjectInfo                                    : loaded 2 times (x 66B)
Class com.google.common.cache.LocalCache$ValueIterator                                : loaded 2 times (x 82B)
Class kotlin.collections.ArraysKt                                                     : loaded 2 times (x 67B)
Class kotlin.collections.ArrayDeque$Companion                                         : loaded 2 times (x 67B)
Class org.gradle.tooling.model.HierarchicalElement                                    : loaded 2 times (x 66B)
Class com.google.common.hash.PrimitiveSink                                            : loaded 2 times (x 66B)
Class com.google.common.reflect.Types$JavaVersion$2                                   : loaded 2 times (x 79B)
Class com.google.common.reflect.Types                                                 : loaded 2 times (x 67B)
Class com.google.common.base.PatternCompiler                                          : loaded 2 times (x 66B)
Class com.google.common.util.concurrent.AbstractFuture$Failure                        : loaded 2 times (x 68B)
Class com.google.common.base.Equivalence$Equals                                       : loaded 2 times (x 78B)
Class com.google.common.collect.Hashing                                               : loaded 2 times (x 67B)
Class com.amazon.ion.impl.bin.IonRawBinaryWriter$PatchPoint                           : loaded 2 times (x 69B)
Class com.amazon.ion.IonBlob                                                          : loaded 2 times (x 66B)
Class com.amazon.ion.IonLob                                                           : loaded 2 times (x 66B)
Class com.amazon.ion.IonSequence                                                      : loaded 2 times (x 66B)
Class org.jetbrains.plugins.gradle.tooling.serialization.ExternalTestsSerializationService: loaded 2 times (x 73B)
Class kotlin.sequences.SequencesKt__SequenceBuilderKt                                 : loaded 2 times (x 67B)
Class kotlin.collections.CollectionsKt__ReversedViewsKt                               : loaded 2 times (x 67B)
Class com.android.builder.model.v2.dsl.DependenciesInfo                               : loaded 2 times (x 66B)
Class kotlin.jvm.internal.CollectionToArray                                           : loaded 2 times (x 67B)
Class kotlin.io.FilesKt__FileTreeWalkKt                                               : loaded 2 times (x 67B)
Class com.google.common.collect.ByFunctionOrdering                                    : loaded 2 times (x 111B)
Class kotlin.collections.SetsKt__SetsKt                                               : loaded 2 times (x 67B)
Class kotlin.coroutines.EmptyCoroutineContext                                         : loaded 2 times (x 73B)
Class org.gradle.internal.time.Time                                                   : loaded 2 times (x 67B)
Class com.google.common.io.CharSink                                                   : loaded 2 times (x 75B)
Class [Lorg.apache.commons.io.file.DeleteOption;                                      : loaded 2 times (x 65B)
Class com.google.common.reflect.Types$JavaVersion$3                                   : loaded 2 times (x 79B)
Class org.objectweb.asm.Label                                                         : loaded 2 times (x 69B)
Class org.objectweb.asm.CurrentFrame                                                  : loaded 2 times (x 69B)
Class org.objectweb.asm.ClassTooLargeException                                        : loaded 2 times (x 79B)
Class com.amazon.ion.system.IonTextWriterBuilder                                      : loaded 2 times (x 94B)
Class com.amazon.ion.impl.bin.IonManagedBinaryWriter$ImportedSymbolResolverMode$1$1$1 : loaded 2 times (x 72B)
Class com.amazon.ion.impl._Private_LocalSymbolTableFactory                            : loaded 2 times (x 66B)
Class org.jetbrains.plugins.gradle.tooling.serialization.AnnotationProcessingModelSerializationService: loaded 2 times (x 73B)
Class kotlin.sequences.FilteringSequence$iterator$1                                   : loaded 2 times (x 75B)
Class com.intellij.gradle.toolingExtension.impl.model.sourceSetModel.GradleSourceSetSerialisationService$Companion: loaded 2 times (x 67B)
Class com.android.ide.common.gradle.Version$Companion$ParseState$NUMERIC              : loaded 2 times (x 70B)
Class com.amazon.ion.impl._Private_IonValue                                           : loaded 2 times (x 66B)
Class com.amazon.ion.impl.bin.IonManagedBinaryWriter$UserState$2                      : loaded 2 times (x 81B)
Class com.android.ide.common.repository.AgpVersion$PreviewKind                        : loaded 2 times (x 75B)
Class com.android.builder.model.v2.models.ProjectGraph                                : loaded 2 times (x 66B)
Class kotlin.collections.ArraysKt__ArraysJVMKt                                        : loaded 2 times (x 67B)
Class com.google.common.io.ByteSource$AsCharSource                                    : loaded 2 times (x 82B)
Class com.google.common.collect.MapMakerInternalMap$InternalEntryHelper               : loaded 2 times (x 66B)
Class com.google.common.collect.Table                                                 : loaded 2 times (x 66B)
Class com.google.common.reflect.Types$JavaVersion$4                                   : loaded 2 times (x 79B)
Class com.google.common.collect.Maps$IteratorBasedAbstractMap                         : loaded 2 times (x 121B)
Class org.objectweb.asm.Frame                                                         : loaded 2 times (x 69B)
Class org.objectweb.asm.MethodVisitor                                                 : loaded 2 times (x 101B)
Class com.google.common.cache.LocalCache$EntryFactory$1                               : loaded 2 times (x 79B)
Class [Lcom.google.common.cache.RemovalListener;                                      : loaded 2 times (x 65B)
Class com.amazon.ion.impl.lite.IonNullLite                                            : loaded 2 times (x 171B)
Class [Lcom.intellij.openapi.externalSystem.model.project.dependencies.ResolutionState;: loaded 2 times (x 65B)
Class org.gradle.internal.impldep.gnu.trove.TObjectHash                               : loaded 2 times (x 90B)
Class org.jetbrains.plugins.gradle.model.DependencyAccessorsModel                     : loaded 2 times (x 66B)
Class kotlin.text.StringsKt__StringBuilderKt                                          : loaded 2 times (x 67B)
Class org.gradle.internal.classloader.FilteringClassLoader                            : loaded 2 times (x 101B)
Class kotlin.jvm.internal.CallableReference$NoReceiver                                : loaded 2 times (x 67B)
Class com.google.common.reflect.Types$JavaVersion$5                                   : loaded 2 times (x 67B)
Class [Lcom.google.common.reflect.Types$ClassOwnership;                               : loaded 2 times (x 65B)
Class com.google.common.cache.LocalCache$EntryFactory$2                               : loaded 2 times (x 79B)
Class org.gradle.api.internal.classpath.GlobalCacheRootsProvider                      : loaded 2 times (x 66B)
Class com.amazon.ion.impl.lite.IonClobLite                                            : loaded 2 times (x 216B)
Class com.amazon.ion.impl._Private_ValueFactory                                       : loaded 2 times (x 66B)
Class com.amazon.ion.impl.bin.IonRawBinaryWriter$PreallocationMode$1                  : loaded 2 times (x 78B)
Class [Lcom.amazon.ion.impl.bin._Private_IonManagedBinaryWriterBuilder$AllocatorMode; : loaded 2 times (x 65B)
Class org.jetbrains.kotlin.idea.gradleTooling.KotlinMPPGradleModel                    : loaded 2 times (x 66B)
Class com.intellij.gradle.toolingExtension.impl.model.dependencyDownloadPolicyModel.GradleDependencyDownloadPolicy: loaded 2 times (x 66B)
Class com.google.common.base.Equivalence$Identity                                     : loaded 2 times (x 78B)
Class kotlin.NoWhenBranchMatchedException                                             : loaded 2 times (x 78B)
Class org.gradle.tooling.model.BuildIdentifier                                        : loaded 2 times (x 66B)
Class com.google.common.collect.CollectCollectors                                     : loaded 2 times (x 67B)
Class org.objectweb.asm.ModuleWriter                                                  : loaded 2 times (x 78B)
Class com.google.common.cache.LocalCache$EntryFactory$3                               : loaded 2 times (x 79B)
Class com.google.common.base.Ticker$1                                                 : loaded 2 times (x 68B)
Class com.google.common.collect.Maps$BiMapConverter                                   : loaded 2 times (x 86B)
Class com.amazon.ion.IonInt                                                           : loaded 2 times (x 66B)
Class com.amazon.ion.impl.bin.IonRawBinaryWriter$PreallocationMode$2                  : loaded 2 times (x 78B)
Class org.jetbrains.kotlin.idea.gradleTooling.PrepareKotlinIdeImportTaskModel         : loaded 2 times (x 66B)
Class com.google.common.base.PairwiseEquivalence                                      : loaded 2 times (x 79B)
Class com.google.common.io.LineReader                                                 : loaded 2 times (x 68B)
Class kotlin.NotImplementedError                                                      : loaded 2 times (x 78B)
Class com.android.builder.model.v2.ide.VectorDrawablesOptions                         : loaded 2 times (x 66B)
Class com.google.common.collect.CollectSpliterators$1                                 : loaded 2 times (x 86B)
Class com.google.common.cache.LocalCache$EntryFactory$4                               : loaded 2 times (x 79B)
Class com.amazon.ion.impl.bin.IonRawBinaryWriter$PreallocationMode$3                  : loaded 2 times (x 78B)
Class com.android.ide.gradle.model.GradlePluginModel                                  : loaded 2 times (x 66B)
Class com.android.builder.model.v2.ide.Edge                                           : loaded 2 times (x 66B)
Class com.google.common.collect.ReverseOrdering                                       : loaded 2 times (x 111B)
Class com.android.builder.model.v2.models.VariantDependenciesFlatList                 : loaded 2 times (x 66B)
Class org.gradle.tooling.model.build.JavaEnvironment                                  : loaded 2 times (x 66B)
Class com.google.common.io.ByteStreams$1                                              : loaded 2 times (x 81B)
Class com.google.common.cache.LocalCache$EntryFactory$5                               : loaded 2 times (x 79B)
Class org.jetbrains.plugins.gradle.model.GradleExtension                              : loaded 2 times (x 66B)
Class com.amazon.ion.impl.lite.IonDecimalLite                                         : loaded 2 times (x 184B)
Class com.amazon.ion.IonBufferConfiguration$Builder                                   : loaded 2 times (x 74B)
Class com.android.builder.model.v2.ide.SourceSetContainer                             : loaded 2 times (x 66B)
Class org.gradle.internal.time.Timer                                                  : loaded 2 times (x 66B)
Class kotlin.jvm.internal.markers.KMappedMarker                                       : loaded 2 times (x 66B)
Class org.apache.commons.io.output.AppendableWriter                                   : loaded 2 times (x 96B)
Class com.google.common.cache.LocalCache$EntryFactory$6                               : loaded 2 times (x 79B)
Class org.gradle.internal.installation.CurrentGradleInstallationLocator               : loaded 2 times (x 67B)
Class [Lcom.amazon.ion.impl.bin.IonRawBinaryWriter$ContainerType;                     : loaded 2 times (x 65B)
Class com.android.builder.model.v2.ide.LintOptions                                    : loaded 2 times (x 66B)
Class kotlin.sequences.FlatteningSequence                                             : loaded 2 times (x 71B)
Class org.gradle.tooling.internal.adapter.ProtocolToModelAdapter$ViewGraphDetails     : loaded 2 times (x 68B)
Class org.gradle.tooling.model.idea.IdeaProject                                       : loaded 2 times (x 66B)
Class org.gradle.tooling.model.DomainObjectSet                                        : loaded 2 times (x 66B)
Class com.google.common.collect.ImmutableMultimap$Builder                             : loaded 2 times (x 82B)
Class com.google.common.io.ByteSource$SlicedByteSource                                : loaded 2 times (x 81B)
Class org.apache.commons.io.output.ThresholdingOutputStream                           : loaded 2 times (x 91B)
Class com.google.common.collect.Maps$KeySet                                           : loaded 2 times (x 133B)
Class com.google.common.cache.LocalCache$EntryFactory$7                               : loaded 2 times (x 79B)
Class com.google.common.collect.ImmutableSet$EmptySetBuilderImpl                      : loaded 2 times (x 72B)
Class org.gradle.internal.service.DefaultServiceLocator                               : loaded 2 times (x 79B)
Class com.amazon.ion.impl.bin.utf8.Utf8StringEncoder$Result                           : loaded 2 times (x 70B)
Class com.amazon.ion.impl.bin.utf8.Pool$Allocator                                     : loaded 2 times (x 66B)
Class com.amazon.ion.IonText                                                          : loaded 2 times (x 66B)
Class com.amazon.ion.impl.SymbolTokenImpl                                             : loaded 2 times (x 77B)
Class com.amazon.ion.SubstituteSymbolTableException                                   : loaded 2 times (x 80B)
Class com.android.builder.model.v2.ide.BasicArtifact                                  : loaded 2 times (x 66B)
Class com.google.common.collect.ComparisonChain$InactiveComparisonChain               : loaded 2 times (x 76B)
Class kotlin.text.MatcherMatchResult                                                  : loaded 2 times (x 76B)
Class kotlin.coroutines.jvm.internal.SuspendFunction                                  : loaded 2 times (x 66B)
Class org.gradle.util.GradleVersion                                                   : loaded 2 times (x 79B)
Class com.google.common.collect.ImmutableMultimap$EntryCollection                     : loaded 2 times (x 124B)
Class com.google.common.cache.LocalCache$SoftValueReference                           : loaded 2 times (x 93B)
Class com.google.common.collect.Maps$EntrySet                                         : loaded 2 times (x 132B)
Class com.google.common.cache.LocalCache$EntryFactory$8                               : loaded 2 times (x 79B)
Class org.gradle.internal.installation.CurrentGradleInstallation                      : loaded 2 times (x 69B)
Class com.amazon.ion.impl.bin.IonManagedBinaryWriter$ImportDescriptor                 : loaded 2 times (x 72B)
Class com.amazon.ion.SymbolTable                                                      : loaded 2 times (x 66B)
Class org.jetbrains.plugins.gradle.tooling.serialization.GradleExtensionsSerializationService$WriteContext: loaded 2 times (x 68B)
Class com.intellij.gradle.toolingExtension.impl.model.taskModel.GradleTaskSerialisationService$Companion: loaded 2 times (x 67B)
Class org.jetbrains.plugins.gradle.javaModel.JavaGradleManifestModel                  : loaded 2 times (x 66B)
Class kotlin.jvm.internal.StringCompanionObject                                       : loaded 2 times (x 67B)
Class kotlin.text.MatchGroupCollection                                                : loaded 2 times (x 66B)
Class com.android.builder.model.v2.ide.ViewBindingOptions                             : loaded 2 times (x 66B)
Class kotlin.coroutines.intrinsics.IntrinsicsKt__IntrinsicsJvmKt                      : loaded 2 times (x 67B)
Class kotlin.coroutines.jvm.internal.CoroutineStackFrame                              : loaded 2 times (x 66B)
Class org.gradle.tooling.internal.adapter.ProtocolToModelAdapter$MethodInvocationCache$MethodInvocationKey: loaded 2 times (x 69B)
Class com.google.common.cache.CacheLoader$1                                           : loaded 2 times (x 71B)
Class org.gradle.util.internal.GUtil                                                  : loaded 2 times (x 67B)
Class [Lcom.amazon.ion.impl.bin.IonManagedBinaryWriter$SymbolState;                   : loaded 2 times (x 65B)
Class com.amazon.ion.impl._Private_IonWriterBase                                      : loaded 2 times (x 158B)
Class com.amazon.ion.system.IonSystemBuilder                                          : loaded 2 times (x 71B)
Class com.amazon.ion.IonCatalog                                                       : loaded 2 times (x 66B)
Class com.intellij.gradle.toolingExtension.impl.model.sourceSetModel.GradleSourceSetSerialisationService$SourceSetModelReadContext: loaded 2 times (x 68B)
Class com.intellij.gradle.toolingExtension.impl.model.utilTurnOffDefaultTasksModel.TurnOffDefaultTasks: loaded 2 times (x 66B)
Class com.android.utils.StringHelper                                                  : loaded 2 times (x 67B)
Class kotlin.io.NoSuchFileException                                                   : loaded 2 times (x 78B)
Class kotlin.collections.CollectionsKt                                                : loaded 2 times (x 67B)
Class com.google.common.io.ByteSource                                                 : loaded 2 times (x 80B)
Class com.google.common.util.concurrent.AbstractFuture$SetFuture                      : loaded 2 times (x 71B)
Class com.google.common.cache.AbstractCache$StatsCounter                              : loaded 2 times (x 66B)
Class com.intellij.gradle.toolingExtension.impl.model.sourceSetModel.GradleSourceSetSerialisationService$SourceSetModelWriteContext: loaded 2 times (x 68B)
Class kotlin.ranges.IntProgressionIterator                                            : loaded 2 times (x 78B)
Class com.android.builder.model.v2.dsl.BuildType                                      : loaded 2 times (x 66B)
Class kotlin.text.StringsKt__StringsKt                                                : loaded 2 times (x 67B)
Class org.jetbrains.plugins.gradle.tooling.serialization.internal.IdeaProjectSerializationService$ReadContext: loaded 2 times (x 68B)
Class kotlin.coroutines.CoroutineContext                                              : loaded 2 times (x 66B)
Class kotlin.coroutines.jvm.internal.DebugProbesKt                                    : loaded 2 times (x 67B)
Class org.gradle.tooling.internal.adapter.WeakIdentityHashMap                         : loaded 2 times (x 72B)
Class org.gradle.tooling.GradleConnectionException                                    : loaded 2 times (x 79B)
Class org.gradle.tooling.internal.adapter.ProtocolToModelAdapter$1                    : loaded 2 times (x 71B)
Class org.gradle.tooling.internal.adapter.ProtocolToModelAdapter$ViewDecoration       : loaded 2 times (x 66B)
Class com.google.common.io.LineBuffer                                                 : loaded 2 times (x 71B)
Class com.google.common.collect.MapMakerInternalMap$1                                 : loaded 2 times (x 79B)
Class com.google.common.reflect.Types$TypeVariableImpl                                : loaded 2 times (x 68B)
Class settings_5vj7az9kptqdw28nbcu65b3te$_run_closure1                                : loaded 2 times (x 135B)
Class org.gradle.internal.installation.GradleInstallation                             : loaded 2 times (x 71B)
Class com.amazon.ion.impl._Private_RecyclingQueue$Recycler                            : loaded 2 times (x 66B)
Class com.amazon.ion.impl.lite.ContainerlessContext                                   : loaded 2 times (x 76B)
Class org.jetbrains.plugins.gradle.tooling.serialization.GradleExtensionsSerializationService$ReadContext: loaded 2 times (x 68B)
Class com.amazon.ion.impl._Private_IonContainer                                       : loaded 2 times (x 66B)
Class com.google.common.collect.ForwardingCollection                                  : loaded 2 times (x 126B)
Class com.google.common.collect.LexicographicalOrdering                               : loaded 2 times (x 111B)
Class org.gradle.tooling.internal.adapter.MethodInvoker                               : loaded 2 times (x 66B)
Class com.google.common.base.Splitter$Strategy                                        : loaded 2 times (x 66B)
Class com.amazon.ion.UnexpectedEofException                                           : loaded 2 times (x 80B)
Class com.amazon.ion.IonSexp                                                          : loaded 2 times (x 66B)
Class com.amazon.ion.ReadOnlyValueException                                           : loaded 2 times (x 80B)
Class com.amazon.ion.impl._Private_LocalSymbolTable                                   : loaded 2 times (x 66B)
Class com.amazon.ion.BufferConfiguration$DataHandler                                  : loaded 2 times (x 66B)
Class com.amazon.ion.impl._Private_IonBinaryWriterBuilder                             : loaded 2 times (x 111B)
Class org.jetbrains.plugins.gradle.tooling.serialization.RepositoriesModelSerializationService$WriteContext: loaded 2 times (x 68B)
Class com.android.ide.gradle.model.LegacyAndroidGradlePluginProperties                : loaded 2 times (x 66B)
Class com.android.ide.common.gradle.Part                                              : loaded 2 times (x 73B)
Class com.amazon.ion.impl.bin.IonManagedBinaryWriter$UserState$1                      : loaded 2 times (x 81B)
Class kotlin.ranges.IntProgression                                                    : loaded 2 times (x 77B)
Class kotlin.jvm.KotlinReflectionNotSupportedError                                    : loaded 2 times (x 78B)
Class org.gradle.tooling.model.gradle.GradleScript                                    : loaded 2 times (x 66B)

---------------  S Y S T E M  ---------------

OS:
 Windows 10 , 64 bit Build 19041 (10.0.19041.5915)
OS uptime: 0 days 7:52 hours

CPU: total 8 (initial active 8) (4 cores per cpu, 2 threads per core) family 6 model 60 stepping 3 microcode 0x27, cx8, cmov, fxsr, ht, mmx, sse, sse2, sse3, ssse3, sse4.1, sse4.2, popcnt, lzcnt, tsc, tscinvbit, avx, avx2, aes, erms, clmul, bmi1, bmi2, fma, vzeroupper, clflush, rdtscp, f16c
Processor Information for the first 8 processors :
  Max Mhz: 3401, Current Mhz: 3401, Mhz Limit: 3401

Memory: 4k page, system-wide physical 16335M (5685M free)
TotalPageFile size 19388M (AvailPageFile size 3740M)
current process WorkingSet (physical memory assigned to process): 876M, peak: 960M
current process commit charge ("private bytes"): 1051M, peak: 1115M

vm_info: OpenJDK 64-Bit Server VM (21.0.6+-13368085-b895.109) for windows-amd64 JRE (21.0.6+-13368085-b895.109), built on 2025-04-16T17:01:31Z by "builder" with MS VC++ 16.10 / 16.11 (VS2019)

END.
